[{"model": "admin.logentry", "pk": 1, "fields": {"action_time": "2022-07-22T19:53:42.496Z", "user": 1, "content_type": 8, "object_id": "1", "object_repr": "Trí tuệ nhân tạo", "action_flag": 1, "change_message": "[{\"added\": {}}]"}}, {"model": "admin.logentry", "pk": 2, "fields": {"action_time": "2022-07-22T19:54:40.485Z", "user": 1, "content_type": 8, "object_id": "2", "object_repr": "An toàn thông tin", "action_flag": 1, "change_message": "[{\"added\": {}}]"}}, {"model": "admin.logentry", "pk": 3, "fields": {"action_time": "2022-07-22T19:55:16.618Z", "user": 1, "content_type": 8, "object_id": "3", "object_repr": "Ứng dụng website", "action_flag": 1, "change_message": "[{\"added\": {}}]"}}, {"model": "admin.logentry", "pk": 4, "fields": {"action_time": "2022-07-22T19:55:24.187Z", "user": 1, "content_type": 8, "object_id": "4", "object_repr": "Ứng dụng mobile", "action_flag": 1, "change_message": "[{\"added\": {}}]"}}, {"model": "admin.logentry", "pk": 5, "fields": {"action_time": "2022-07-22T19:55:36.509Z", "user": 1, "content_type": 8, "object_id": "5", "object_repr": "Học máy", "action_flag": 1, "change_message": "[{\"added\": {}}]"}}, {"model": "admin.logentry", "pk": 6, "fields": {"action_time": "2022-07-22T19:55:43.730Z", "user": 1, "content_type": 8, "object_id": "6", "object_repr": "Tối ưu hóa", "action_flag": 1, "change_message": "[{\"added\": {}}]"}}, {"model": "admin.logentry", "pk": 7, "fields": {"action_time": "2022-07-22T19:56:02.430Z", "user": 1, "content_type": 8, "object_id": "7", "object_repr": "Phân tích dữ liệu", "action_flag": 1, "change_message": "[{\"added\": {}}]"}}, {"model": "admin.logentry", "pk": 8, "fields": {"action_time": "2022-07-22T19:56:18.347Z", "user": 1, "content_type": 8, "object_id": "8", "object_repr": "Kiểm thử phần mềm", "action_flag": 1, "change_message": "[{\"added\": {}}]"}}, {"model": "admin.logentry", "pk": 9, "fields": {"action_time": "2022-07-22T19:57:10.723Z", "user": 1, "content_type": 15, "object_id": "1", "object_repr": "Group 0", "action_flag": 1, "change_message": "[{\"added\": {}}]"}}, {"model": "admin.logentry", "pk": 10, "fields": {"action_time": "2022-07-23T04:34:16.812Z", "user": 1, "content_type": 17, "object_id": "1", "object_repr": "Department object (1)", "action_flag": 1, "change_message": "[{\"added\": {}}]"}}, {"model": "admin.logentry", "pk": 11, "fields": {"action_time": "2022-07-23T05:24:37.766Z", "user": 1, "content_type": 7, "object_id": "1", "object_repr": "GS. TS.", "action_flag": 1, "change_message": "[{\"added\": {}}]"}}, {"model": "admin.logentry", "pk": 12, "fields": {"action_time": "2022-07-23T05:25:04.712Z", "user": 1, "content_type": 7, "object_id": "2", "object_repr": "PGS. TS.", "action_flag": 1, "change_message": "[{\"added\": {}}]"}}, {"model": "admin.logentry", "pk": 13, "fields": {"action_time": "2022-07-23T05:25:14.666Z", "user": 1, "content_type": 7, "object_id": "3", "object_repr": "TS.", "action_flag": 1, "change_message": "[{\"added\": {}}]"}}, {"model": "admin.logentry", "pk": 14, "fields": {"action_time": "2022-07-23T05:25:23.479Z", "user": 1, "content_type": 7, "object_id": "4", "object_repr": "ThS.", "action_flag": 1, "change_message": "[{\"added\": {}}]"}}, {"model": "admin.logentry", "pk": 15, "fields": {"action_time": "2022-07-23T05:25:32.329Z", "user": 1, "content_type": 7, "object_id": "5", "object_repr": "NCS.", "action_flag": 1, "change_message": "[{\"added\": {}}]"}}, {"model": "admin.logentry", "pk": 16, "fields": {"action_time": "2022-07-23T05:26:06.809Z", "user": 1, "content_type": 10, "object_id": "1", "object_repr": "Trường Đại học Công nghệ", "action_flag": 1, "change_message": "[{\"added\": {}}]"}}, {"model": "admin.logentry", "pk": 17, "fields": {"action_time": "2022-07-23T05:26:16.036Z", "user": 1, "content_type": 10, "object_id": "2", "object_repr": "Bên ngoài trường", "action_flag": 1, "change_message": "[{\"added\": {}}]"}}, {"model": "admin.logentry", "pk": 18, "fields": {"action_time": "2022-07-23T05:37:23.812Z", "user": 1, "content_type": 14, "object_id": "1", "object_repr": "Hội đồng 0", "action_flag": 1, "change_message": "[{\"added\": {}}]"}}, {"model": "admin.logentry", "pk": 19, "fields": {"action_time": "2022-07-23T05:37:37.188Z", "user": 1, "content_type": 15, "object_id": "1", "object_repr": "Nhóm 0", "action_flag": 2, "change_message": "[{\"changed\": {\"fields\": [\"Name\"]}}]"}}, {"model": "admin.logentry", "pk": 20, "fields": {"action_time": "2022-07-23T05:37:57.658Z", "user": 1, "content_type": 16, "object_id": "1", "object_repr": "Chủ tịch", "action_flag": 1, "change_message": "[{\"added\": {}}]"}}, {"model": "admin.logentry", "pk": 21, "fields": {"action_time": "2022-07-23T05:38:04.218Z", "user": 1, "content_type": 16, "object_id": "2", "object_repr": "Phó chủ tịch", "action_flag": 1, "change_message": "[{\"added\": {}}]"}}, {"model": "admin.logentry", "pk": 22, "fields": {"action_time": "2022-07-23T05:38:11.601Z", "user": 1, "content_type": 16, "object_id": "3", "object_repr": "Thư ký", "action_flag": 1, "change_message": "[{\"added\": {}}]"}}, {"model": "admin.logentry", "pk": 23, "fields": {"action_time": "2022-07-23T05:38:17.939Z", "user": 1, "content_type": 16, "object_id": "4", "object_repr": "Ủy viên", "action_flag": 1, "change_message": "[{\"added\": {}}]"}}, {"model": "admin.logentry", "pk": 24, "fields": {"action_time": "2022-07-27T16:48:26.504Z", "user": 1, "content_type": 9, "object_id": "27", "object_repr": "ThS. Lê Hoàng Lân", "action_flag": 3, "change_message": ""}}, {"model": "auth.permission", "pk": 1, "fields": {"name": "Can add log entry", "content_type": 1, "codename": "add_logentry"}}, {"model": "auth.permission", "pk": 2, "fields": {"name": "Can change log entry", "content_type": 1, "codename": "change_logentry"}}, {"model": "auth.permission", "pk": 3, "fields": {"name": "Can delete log entry", "content_type": 1, "codename": "delete_logentry"}}, {"model": "auth.permission", "pk": 4, "fields": {"name": "Can view log entry", "content_type": 1, "codename": "view_logentry"}}, {"model": "auth.permission", "pk": 5, "fields": {"name": "Can add permission", "content_type": 2, "codename": "add_permission"}}, {"model": "auth.permission", "pk": 6, "fields": {"name": "Can change permission", "content_type": 2, "codename": "change_permission"}}, {"model": "auth.permission", "pk": 7, "fields": {"name": "Can delete permission", "content_type": 2, "codename": "delete_permission"}}, {"model": "auth.permission", "pk": 8, "fields": {"name": "Can view permission", "content_type": 2, "codename": "view_permission"}}, {"model": "auth.permission", "pk": 9, "fields": {"name": "Can add group", "content_type": 3, "codename": "add_group"}}, {"model": "auth.permission", "pk": 10, "fields": {"name": "Can change group", "content_type": 3, "codename": "change_group"}}, {"model": "auth.permission", "pk": 11, "fields": {"name": "Can delete group", "content_type": 3, "codename": "delete_group"}}, {"model": "auth.permission", "pk": 12, "fields": {"name": "Can view group", "content_type": 3, "codename": "view_group"}}, {"model": "auth.permission", "pk": 13, "fields": {"name": "Can add user", "content_type": 4, "codename": "add_user"}}, {"model": "auth.permission", "pk": 14, "fields": {"name": "Can change user", "content_type": 4, "codename": "change_user"}}, {"model": "auth.permission", "pk": 15, "fields": {"name": "Can delete user", "content_type": 4, "codename": "delete_user"}}, {"model": "auth.permission", "pk": 16, "fields": {"name": "Can view user", "content_type": 4, "codename": "view_user"}}, {"model": "auth.permission", "pk": 17, "fields": {"name": "Can add content type", "content_type": 5, "codename": "add_contenttype"}}, {"model": "auth.permission", "pk": 18, "fields": {"name": "Can change content type", "content_type": 5, "codename": "change_contenttype"}}, {"model": "auth.permission", "pk": 19, "fields": {"name": "Can delete content type", "content_type": 5, "codename": "delete_contenttype"}}, {"model": "auth.permission", "pk": 20, "fields": {"name": "Can view content type", "content_type": 5, "codename": "view_contenttype"}}, {"model": "auth.permission", "pk": 21, "fields": {"name": "Can add session", "content_type": 6, "codename": "add_session"}}, {"model": "auth.permission", "pk": 22, "fields": {"name": "Can change session", "content_type": 6, "codename": "change_session"}}, {"model": "auth.permission", "pk": 23, "fields": {"name": "Can delete session", "content_type": 6, "codename": "delete_session"}}, {"model": "auth.permission", "pk": 24, "fields": {"name": "Can view session", "content_type": 6, "codename": "view_session"}}, {"model": "auth.permission", "pk": 25, "fields": {"name": "Can add degree", "content_type": 7, "codename": "add_degree"}}, {"model": "auth.permission", "pk": 26, "fields": {"name": "Can change degree", "content_type": 7, "codename": "change_degree"}}, {"model": "auth.permission", "pk": 27, "fields": {"name": "Can delete degree", "content_type": 7, "codename": "delete_degree"}}, {"model": "auth.permission", "pk": 28, "fields": {"name": "Can view degree", "content_type": 7, "codename": "view_degree"}}, {"model": "auth.permission", "pk": 29, "fields": {"name": "Can add keyword", "content_type": 8, "codename": "add_keyword"}}, {"model": "auth.permission", "pk": 30, "fields": {"name": "Can change keyword", "content_type": 8, "codename": "change_keyword"}}, {"model": "auth.permission", "pk": 31, "fields": {"name": "Can delete keyword", "content_type": 8, "codename": "delete_keyword"}}, {"model": "auth.permission", "pk": 32, "fields": {"name": "Can view keyword", "content_type": 8, "codename": "view_keyword"}}, {"model": "auth.permission", "pk": 33, "fields": {"name": "Can add lecturer", "content_type": 9, "codename": "add_lecturer"}}, {"model": "auth.permission", "pk": 34, "fields": {"name": "Can change lecturer", "content_type": 9, "codename": "change_lecturer"}}, {"model": "auth.permission", "pk": 35, "fields": {"name": "Can delete lecturer", "content_type": 9, "codename": "delete_lecturer"}}, {"model": "auth.permission", "pk": 36, "fields": {"name": "Can view lecturer", "content_type": 9, "codename": "view_lecturer"}}, {"model": "auth.permission", "pk": 37, "fields": {"name": "Can add work place", "content_type": 10, "codename": "add_workplace"}}, {"model": "auth.permission", "pk": 38, "fields": {"name": "Can change work place", "content_type": 10, "codename": "change_workplace"}}, {"model": "auth.permission", "pk": 39, "fields": {"name": "Can delete work place", "content_type": 10, "codename": "delete_workplace"}}, {"model": "auth.permission", "pk": 40, "fields": {"name": "Can view work place", "content_type": 10, "codename": "view_workplace"}}, {"model": "auth.permission", "pk": 41, "fields": {"name": "Can add topic", "content_type": 11, "codename": "add_topic"}}, {"model": "auth.permission", "pk": 42, "fields": {"name": "Can change topic", "content_type": 11, "codename": "change_topic"}}, {"model": "auth.permission", "pk": 43, "fields": {"name": "Can delete topic", "content_type": 11, "codename": "delete_topic"}}, {"model": "auth.permission", "pk": 44, "fields": {"name": "Can view topic", "content_type": 11, "codename": "view_topic"}}, {"model": "auth.permission", "pk": 45, "fields": {"name": "Can add topic to keyword", "content_type": 12, "codename": "add_topictokeyword"}}, {"model": "auth.permission", "pk": 46, "fields": {"name": "Can change topic to keyword", "content_type": 12, "codename": "change_topictokeyword"}}, {"model": "auth.permission", "pk": 47, "fields": {"name": "Can delete topic to keyword", "content_type": 12, "codename": "delete_topictokeyword"}}, {"model": "auth.permission", "pk": 48, "fields": {"name": "Can view topic to keyword", "content_type": 12, "codename": "view_topictokeyword"}}, {"model": "auth.permission", "pk": 49, "fields": {"name": "Can add lecturer to keyword", "content_type": 13, "codename": "add_lecturertokeyword"}}, {"model": "auth.permission", "pk": 50, "fields": {"name": "Can change lecturer to keyword", "content_type": 13, "codename": "change_lecturertokeyword"}}, {"model": "auth.permission", "pk": 51, "fields": {"name": "Can delete lecturer to keyword", "content_type": 13, "codename": "delete_lecturertokeyword"}}, {"model": "auth.permission", "pk": 52, "fields": {"name": "Can view lecturer to keyword", "content_type": 13, "codename": "view_lecturertokeyword"}}, {"model": "auth.permission", "pk": 53, "fields": {"name": "Can add my committee", "content_type": 14, "codename": "add_mycommittee"}}, {"model": "auth.permission", "pk": 54, "fields": {"name": "Can change my committee", "content_type": 14, "codename": "change_mycommittee"}}, {"model": "auth.permission", "pk": 55, "fields": {"name": "Can delete my committee", "content_type": 14, "codename": "delete_mycommittee"}}, {"model": "auth.permission", "pk": 56, "fields": {"name": "Can view my committee", "content_type": 14, "codename": "view_mycommittee"}}, {"model": "auth.permission", "pk": 57, "fields": {"name": "Can add my group", "content_type": 15, "codename": "add_mygroup"}}, {"model": "auth.permission", "pk": 58, "fields": {"name": "Can change my group", "content_type": 15, "codename": "change_mygroup"}}, {"model": "auth.permission", "pk": 59, "fields": {"name": "Can delete my group", "content_type": 15, "codename": "delete_mygroup"}}, {"model": "auth.permission", "pk": 60, "fields": {"name": "Can view my group", "content_type": 15, "codename": "view_mygroup"}}, {"model": "auth.permission", "pk": 61, "fields": {"name": "Can add position", "content_type": 16, "codename": "add_position"}}, {"model": "auth.permission", "pk": 62, "fields": {"name": "Can change position", "content_type": 16, "codename": "change_position"}}, {"model": "auth.permission", "pk": 63, "fields": {"name": "Can delete position", "content_type": 16, "codename": "delete_position"}}, {"model": "auth.permission", "pk": 64, "fields": {"name": "Can view position", "content_type": 16, "codename": "view_position"}}, {"model": "auth.permission", "pk": 65, "fields": {"name": "Can add department", "content_type": 17, "codename": "add_department"}}, {"model": "auth.permission", "pk": 66, "fields": {"name": "Can change department", "content_type": 17, "codename": "change_department"}}, {"model": "auth.permission", "pk": 67, "fields": {"name": "Can delete department", "content_type": 17, "codename": "delete_department"}}, {"model": "auth.permission", "pk": 68, "fields": {"name": "Can view department", "content_type": 17, "codename": "view_department"}}, {"model": "auth.user", "pk": 1, "fields": {"password": "pbkdf2_sha256$320000$ImEE73VG6nvJNtbC0195pH$H0vYPF1qjDBuln0/UCNnYoflTO1HeM8jHd3RoEVQACQ=", "last_login": "2022-08-05T02:34:04.419Z", "is_superuser": true, "username": "missaut", "first_name": "", "last_name": "", "email": "thuhoaido1309@gmail.com", "is_staff": true, "is_active": true, "date_joined": "2022-07-22T19:51:52.553Z", "groups": [], "user_permissions": []}}, {"model": "contenttypes.contenttype", "pk": 1, "fields": {"app_label": "admin", "model": "logentry"}}, {"model": "contenttypes.contenttype", "pk": 2, "fields": {"app_label": "auth", "model": "permission"}}, {"model": "contenttypes.contenttype", "pk": 3, "fields": {"app_label": "auth", "model": "group"}}, {"model": "contenttypes.contenttype", "pk": 4, "fields": {"app_label": "auth", "model": "user"}}, {"model": "contenttypes.contenttype", "pk": 5, "fields": {"app_label": "contenttypes", "model": "contenttype"}}, {"model": "contenttypes.contenttype", "pk": 6, "fields": {"app_label": "sessions", "model": "session"}}, {"model": "contenttypes.contenttype", "pk": 7, "fields": {"app_label": "assign", "model": "degree"}}, {"model": "contenttypes.contenttype", "pk": 8, "fields": {"app_label": "assign", "model": "keyword"}}, {"model": "contenttypes.contenttype", "pk": 9, "fields": {"app_label": "assign", "model": "lecturer"}}, {"model": "contenttypes.contenttype", "pk": 10, "fields": {"app_label": "assign", "model": "workplace"}}, {"model": "contenttypes.contenttype", "pk": 11, "fields": {"app_label": "assign", "model": "topic"}}, {"model": "contenttypes.contenttype", "pk": 12, "fields": {"app_label": "assign", "model": "topictokeyword"}}, {"model": "contenttypes.contenttype", "pk": 13, "fields": {"app_label": "assign", "model": "lecturertokeyword"}}, {"model": "contenttypes.contenttype", "pk": 14, "fields": {"app_label": "assign", "model": "mycommittee"}}, {"model": "contenttypes.contenttype", "pk": 15, "fields": {"app_label": "assign", "model": "mygroup"}}, {"model": "contenttypes.contenttype", "pk": 16, "fields": {"app_label": "assign", "model": "position"}}, {"model": "contenttypes.contenttype", "pk": 17, "fields": {"app_label": "assign", "model": "department"}}, {"model": "sessions.session", "pk": "j3x3oiw651vxk1rhghktx6e02r9t91ht", "fields": {"session_data": ".eJxVjDkOwjAUBe_iGlneF0p6zmD9xSEBFEtxUiHuDpFSQPtm5r1EgW0dy9brUiYWZ6HF6XdDoEedd8B3mG9NUpvXZUK5K_KgXV4b1-flcP8ORujjt0ZwuSqbPKPlEGwkttkxgrZDTmQgmwjROuN8ykieFCqvnNYuUfCDEe8P3lY3PQ:1oJbmn:Hd39q7XB3v2pPFOytQR84NWBm1fgNbtBV2rxGaBXVyI", "expire_date": "2022-08-18T14:25:17.183Z"}}, {"model": "sessions.session", "pk": "jhjf1ht9refr7xwf6xktpj0r9274fp4h", "fields": {"session_data": ".eJxVjDkOwjAUBe_iGlneF0p6zmD9xSEBFEtxUiHuDpFSQPtm5r1EgW0dy9brUiYWZ6HF6XdDoEedd8B3mG9NUpvXZUK5K_KgXV4b1-flcP8ORujjt0ZwuSqbPKPlEGwkttkxgrZDTmQgmwjROuN8ykieFCqvnNYuUfCDEe8P3lY3PQ:1oG2vb:DkkMd9dsAIlHy1Q-iFWP6DL38G4-bkGx324gc-WXxzk", "expire_date": "2022-08-08T18:35:39.159Z"}}, {"model": "assign.workplace", "pk": 1, "fields": {"name": "Trường Đại học Công nghệ"}}, {"model": "assign.workplace", "pk": 2, "fields": {"name": "Bên ngoài trường"}}, {"model": "assign.degree", "pk": 1, "fields": {"title": "GS. TS.", "full_title": "Giáo sư - Tiến sĩ"}}, {"model": "assign.degree", "pk": 2, "fields": {"title": "PGS. TS.", "full_title": "Phó giáo sư - Tiến sĩ"}}, {"model": "assign.degree", "pk": 3, "fields": {"title": "TS.", "full_title": "Tiến sĩ"}}, {"model": "assign.degree", "pk": 4, "fields": {"title": "ThS.", "full_title": "Thạc sĩ"}}, {"model": "assign.degree", "pk": 5, "fields": {"title": "NCS.", "full_title": "Nghiên cứu sinh"}}, {"model": "assign.mygroup", "pk": 1, "fields": {"name": "Nhóm 0"}}, {"model": "assign.mygroup", "pk": 2, "fields": {"name": "1"}}, {"model": "assign.mygroup", "pk": 3, "fields": {"name": "2"}}, {"model": "assign.mygroup", "pk": 4, "fields": {"name": "3"}}, {"model": "assign.mygroup", "pk": 5, "fields": {"name": "4"}}, {"model": "assign.mycommittee", "pk": 1, "fields": {"name": "Hội đồng 0", "group": 1}}, {"model": "assign.mycommittee", "pk": 2, "fields": {"name": "Hoi dong", "group": 2}}, {"model": "assign.mycommittee", "pk": 3, "fields": {"name": "Hoi dong", "group": 4}}, {"model": "assign.mycommittee", "pk": 4, "fields": {"name": "Hoi dong", "group": 3}}, {"model": "assign.position", "pk": 1, "fields": {"title": "Chủ tịch"}}, {"model": "assign.position", "pk": 2, "fields": {"title": "Phó chủ tịch"}}, {"model": "assign.position", "pk": 3, "fields": {"title": "Thư ký"}}, {"model": "assign.position", "pk": 4, "fields": {"title": "Ủy viên"}}, {"model": "assign.department", "pk": 1, "fields": {"name": "Công nghệ thông tin"}}, {"model": "assign.keyword", "pk": 1, "fields": {"content": "Trí tuệ nhân tạo", "department": 1}}, {"model": "assign.keyword", "pk": 2, "fields": {"content": "An toàn thông tin", "department": 1}}, {"model": "assign.keyword", "pk": 3, "fields": {"content": "Quản trị hệ thống", "department": 1}}, {"model": "assign.keyword", "pk": 4, "fields": {"content": "IoT", "department": 1}}, {"model": "assign.keyword", "pk": 5, "fields": {"content": "Học máy/Học sâu", "department": 1}}, {"model": "assign.keyword", "pk": 6, "fields": {"content": "Tối ưu hóa", "department": 1}}, {"model": "assign.keyword", "pk": 7, "fields": {"content": "Quản trị dữ liệu", "department": 1}}, {"model": "assign.keyword", "pk": 8, "fields": {"content": "Kiểm thử phần mềm", "department": 1}}, {"model": "assign.keyword", "pk": 9, "fields": {"content": "Triển khai ứng dụng web/mobile", "department": 1}}, {"model": "assign.lecturer", "pk": 3, "fields": {"name": "Hoàng Nam Anh", "work_place": 1, "degree": 2, "department": 1, "create_date": "2022-07-23T05:38:48.930Z", "updated_date": "2022-08-05T02:41:04.585Z", "chairman_exp": true, "vice_chairman_exp": false, "secretary_exp": false, "committee": 4, "committee_status": true, "position": 1, "review_count": 2, "status": true}}, {"model": "assign.lecturer", "pk": 4, "fields": {"name": "Lê Thế Nam", "work_place": 1, "degree": 1, "department": 1, "create_date": "2022-07-23T05:56:18.982Z", "updated_date": "2022-08-05T02:41:02.543Z", "chairman_exp": true, "vice_chairman_exp": false, "secretary_exp": true, "committee": 3, "committee_status": true, "position": 1, "review_count": 0, "status": true}}, {"model": "assign.lecturer", "pk": 5, "fields": {"name": "Bùi Kiên", "work_place": 2, "degree": 1, "department": 1, "create_date": "2022-07-24T16:12:22.516Z", "updated_date": "2022-08-05T02:41:02.544Z", "chairman_exp": false, "vice_chairman_exp": false, "secretary_exp": false, "committee": 1, "committee_status": true, "position": 4, "review_count": 0, "status": true}}, {"model": "assign.lecturer", "pk": 6, "fields": {"name": "Hoàng Nhân Tuấn", "work_place": 1, "degree": 3, "department": 1, "create_date": "2022-07-25T16:02:29.185Z", "updated_date": "2022-08-05T02:41:03.102Z", "chairman_exp": false, "vice_chairman_exp": false, "secretary_exp": true, "committee": 1, "committee_status": true, "position": 3, "review_count": 2, "status": true}}, {"model": "assign.lecturer", "pk": 7, "fields": {"name": "Văn Thái Nhất", "work_place": 1, "degree": 2, "department": 1, "create_date": "2022-07-25T16:07:41.472Z", "updated_date": "2022-08-05T02:41:03.112Z", "chairman_exp": true, "vice_chairman_exp": false, "secretary_exp": true, "committee": 1, "committee_status": true, "position": 1, "review_count": 2, "status": true}}, {"model": "assign.lecturer", "pk": 8, "fields": {"name": "Từ Anh Hạo", "work_place": 1, "degree": 3, "department": 1, "create_date": "2022-07-25T16:08:52.403Z", "updated_date": "2022-08-05T02:41:03.121Z", "chairman_exp": false, "vice_chairman_exp": false, "secretary_exp": false, "committee": 3, "committee_status": true, "position": 4, "review_count": 2, "status": true}}, {"model": "assign.lecturer", "pk": 9, "fields": {"name": "Nguyễn Tài Minh", "work_place": 1, "degree": 3, "department": 1, "create_date": "2022-07-25T16:11:22.048Z", "updated_date": "2022-08-05T02:41:03.126Z", "chairman_exp": false, "vice_chairman_exp": false, "secretary_exp": false, "committee": 4, "committee_status": true, "position": 4, "review_count": 1, "status": true}}, {"model": "assign.lecturer", "pk": 10, "fields": {"name": "Lê Hải Trần", "work_place": 2, "degree": 3, "department": 1, "create_date": "2022-07-25T16:12:35.695Z", "updated_date": "2022-08-05T02:41:04.597Z", "chairman_exp": false, "vice_chairman_exp": false, "secretary_exp": true, "committee": 2, "committee_status": true, "position": 4, "review_count": 2, "status": true}}, {"model": "assign.lecturer", "pk": 11, "fields": {"name": "Lưu Dương", "work_place": 2, "degree": 3, "department": 1, "create_date": "2022-07-25T16:15:00.412Z", "updated_date": "2022-08-05T02:41:04.600Z", "chairman_exp": false, "vice_chairman_exp": false, "secretary_exp": false, "committee": 4, "committee_status": true, "position": 4, "review_count": 1, "status": true}}, {"model": "assign.lecturer", "pk": 12, "fields": {"name": "Trần Hoài Phương", "work_place": 1, "degree": 1, "department": 1, "create_date": "2022-07-25T17:10:56.513Z", "updated_date": "2022-08-05T02:41:04.605Z", "chairman_exp": true, "vice_chairman_exp": false, "secretary_exp": false, "committee": 2, "committee_status": true, "position": 1, "review_count": 2, "status": true}}, {"model": "assign.lecturer", "pk": 13, "fields": {"name": "Đinh Khắc Quý", "work_place": 1, "degree": 3, "department": 1, "create_date": "2022-07-25T17:12:44.398Z", "updated_date": "2022-08-05T02:41:03.138Z", "chairman_exp": false, "vice_chairman_exp": false, "secretary_exp": false, "committee": 1, "committee_status": true, "position": 4, "review_count": 2, "status": true}}, {"model": "assign.lecturer", "pk": 14, "fields": {"name": "Chu Kim Vang", "work_place": 1, "degree": 3, "department": 1, "create_date": "2022-07-25T17:14:05.461Z", "updated_date": "2022-08-05T02:41:04.616Z", "chairman_exp": false, "vice_chairman_exp": false, "secretary_exp": false, "committee": 3, "committee_status": true, "position": 3, "review_count": 2, "status": true}}, {"model": "assign.lecturer", "pk": 15, "fields": {"name": "Nguyễn Ngọc Đôn", "work_place": 1, "degree": 3, "department": 1, "create_date": "2022-07-25T17:16:14.941Z", "updated_date": "2022-08-05T02:41:04.620Z", "chairman_exp": false, "vice_chairman_exp": false, "secretary_exp": false, "committee": 3, "committee_status": true, "position": 4, "review_count": 2, "status": true}}, {"model": "assign.lecturer", "pk": 16, "fields": {"name": "Phạm Lê Việt Anh", "work_place": 2, "degree": 2, "department": 1, "create_date": "2022-07-25T17:17:47.099Z", "updated_date": "2022-08-05T02:41:04.633Z", "chairman_exp": false, "vice_chairman_exp": false, "secretary_exp": true, "committee": 1, "committee_status": true, "position": 4, "review_count": 2, "status": true}}, {"model": "assign.lecturer", "pk": 17, "fields": {"name": "Nguyễn Duy Tộ", "work_place": 1, "degree": 1, "department": 1, "create_date": "2022-07-25T17:19:02.876Z", "updated_date": "2022-08-05T02:41:03.147Z", "chairman_exp": true, "vice_chairman_exp": false, "secretary_exp": false, "committee": 1, "committee_status": true, "position": 1, "review_count": 1, "status": true}}, {"model": "assign.lecturer", "pk": 18, "fields": {"name": "Nguyễn Thị Thu", "work_place": 1, "degree": 3, "department": 1, "create_date": "2022-07-25T17:20:23.045Z", "updated_date": "2022-08-05T02:41:03.157Z", "chairman_exp": false, "vice_chairman_exp": false, "secretary_exp": false, "committee": 3, "committee_status": true, "position": 4, "review_count": 2, "status": true}}, {"model": "assign.lecturer", "pk": 19, "fields": {"name": "Hoàng Mỹ Linh", "work_place": 1, "degree": 3, "department": 1, "create_date": "2022-07-25T17:21:25.742Z", "updated_date": "2022-08-05T02:41:04.636Z", "chairman_exp": false, "vice_chairman_exp": false, "secretary_exp": false, "committee": 1, "committee_status": true, "position": 4, "review_count": 2, "status": true}}, {"model": "assign.lecturer", "pk": 20, "fields": {"name": "Hoàng Diệu Ái Linh", "work_place": 1, "degree": 3, "department": 1, "create_date": "2022-07-25T17:25:13.461Z", "updated_date": "2022-08-05T02:41:03.166Z", "chairman_exp": false, "vice_chairman_exp": false, "secretary_exp": false, "committee": 1, "committee_status": true, "position": 4, "review_count": 1, "status": true}}, {"model": "assign.lecturer", "pk": 21, "fields": {"name": "Phạm Thu Thủy", "work_place": 1, "degree": 3, "department": 1, "create_date": "2022-07-25T17:28:06.048Z", "updated_date": "2022-08-05T02:41:04.647Z", "chairman_exp": false, "vice_chairman_exp": false, "secretary_exp": false, "committee": 1, "committee_status": true, "position": 3, "review_count": 2, "status": true}}, {"model": "assign.lecturer", "pk": 22, "fields": {"name": "Ngô Văn Hào", "work_place": 1, "degree": 3, "department": 1, "create_date": "2022-07-25T17:29:45.100Z", "updated_date": "2022-08-05T02:41:04.652Z", "chairman_exp": false, "vice_chairman_exp": false, "secretary_exp": false, "committee": 2, "committee_status": true, "position": 3, "review_count": 2, "status": true}}, {"model": "assign.lecturer", "pk": 23, "fields": {"name": "Nguyễn Đình Hưng", "work_place": 1, "degree": 3, "department": 1, "create_date": "2022-07-25T17:30:31.606Z", "updated_date": "2022-08-05T02:41:04.662Z", "chairman_exp": false, "vice_chairman_exp": false, "secretary_exp": false, "committee": 2, "committee_status": true, "position": 4, "review_count": 2, "status": true}}, {"model": "assign.lecturer", "pk": 24, "fields": {"name": "Nguyễn Thị Thùy Dương", "work_place": 1, "degree": 3, "department": 1, "create_date": "2022-07-25T17:31:45.686Z", "updated_date": "2022-08-05T02:41:04.665Z", "chairman_exp": false, "vice_chairman_exp": false, "secretary_exp": false, "committee": 1, "committee_status": true, "position": 4, "review_count": 1, "status": true}}, {"model": "assign.lecturer", "pk": 25, "fields": {"name": "Đỗ Khắc Phong", "work_place": 1, "degree": 3, "department": 1, "create_date": "2022-07-25T17:32:35.146Z", "updated_date": "2022-08-05T02:41:04.671Z", "chairman_exp": false, "vice_chairman_exp": false, "secretary_exp": false, "committee": 1, "committee_status": true, "position": 4, "review_count": 1, "status": true}}, {"model": "assign.lecturer", "pk": 26, "fields": {"name": "Trịnh Tuấn Phong", "work_place": 1, "degree": 3, "department": 1, "create_date": "2022-07-25T17:33:15.521Z", "updated_date": "2022-08-05T02:41:03.181Z", "chairman_exp": false, "vice_chairman_exp": false, "secretary_exp": false, "committee": 4, "committee_status": true, "position": 3, "review_count": 2, "status": true}}, {"model": "assign.lecturer", "pk": 28, "fields": {"name": "Nguyễn Văn An", "work_place": 2, "degree": 3, "department": 1, "create_date": "2022-07-27T16:48:35.068Z", "updated_date": "2022-08-05T02:41:03.188Z", "chairman_exp": false, "vice_chairman_exp": false, "secretary_exp": false, "committee": 4, "committee_status": true, "position": 4, "review_count": 2, "status": true}}, {"model": "assign.lecturer", "pk": 29, "fields": {"name": "Trần Văn A", "work_place": 1, "degree": 3, "department": 1, "create_date": "2022-07-27T16:53:34.383Z", "updated_date": "2022-08-05T02:41:04.682Z", "chairman_exp": false, "vice_chairman_exp": false, "secretary_exp": false, "committee": 2, "committee_status": true, "position": 4, "review_count": 2, "status": true}}, {"model": "assign.topic", "pk": 3, "fields": {"title": "Hệ thống hỗ trợ phân công chấm KLTN", "student": "Đỗ Thị Thu Hoài", "mssv": "18020530", "department": 1, "mentor": 3, "create_date": "2022-07-23T05:45:14.543Z", "updated_date": "2022-08-05T02:41:04.607Z", "group": 2, "status": true, "review_1": 18, "review_2": 12}}, {"model": "assign.topic", "pk": 4, "fields": {"title": "Ứng dụng quản lý chi tiêu", "student": "Lê Thế Dung", "mssv": "18020701", "department": 1, "mentor": 5, "create_date": "2022-07-24T16:34:06.214Z", "updated_date": "2022-08-05T02:41:04.678Z", "group": 3, "status": true, "review_1": 28, "review_2": 29}}, {"model": "assign.topic", "pk": 5, "fields": {"title": "Hệ thống xử lý dữ liệu realtime", "student": "La Tại Dân", "mssv": "18021308", "department": 1, "mentor": 3, "create_date": "2022-07-24T16:37:07.397Z", "updated_date": "2022-08-05T02:41:04.593Z", "group": 2, "status": true, "review_1": 13, "review_2": 10}}, {"model": "assign.topic", "pk": 6, "fields": {"title": "Phát triển ứng dụng di động cho hệ thống quản lý dự án", "student": "Đào Thị Hà", "mssv": "18020101", "department": 1, "mentor": 4, "create_date": "2022-07-25T17:57:10.191Z", "updated_date": "2022-08-05T02:41:04.578Z", "group": 3, "status": true, "review_1": 26, "review_2": 3}}, {"model": "assign.topic", "pk": 7, "fields": {"title": "Xây dựng hệ thống recommendation cho mua sắm trực tuyến", "student": "Dương Kiều Nga", "mssv": "18020716", "department": 1, "mentor": 15, "create_date": "2022-07-25T17:59:27.827Z", "updated_date": "2022-08-05T02:41:04.668Z", "group": 4, "status": true, "review_1": 8, "review_2": 24}}, {"model": "assign.topic", "pk": 8, "fields": {"title": "Hệ thống hỗ trợ định vị lỗi cho ứng dụng web", "student": "Vũ Chiến Thắng", "mssv": "18020205", "department": 1, "mentor": 14, "create_date": "2022-07-25T18:01:54.537Z", "updated_date": "2022-08-05T02:41:04.663Z", "group": 2, "status": true, "review_1": 15, "review_2": 23}}, {"model": "assign.topic", "pk": 9, "fields": {"title": "Phân tích dự đoán các biến động chứng khoán", "student": "Hoàng Nguyên Minh", "mssv": "18020125", "department": 1, "mentor": 26, "create_date": "2022-07-25T18:06:24.209Z", "updated_date": "2022-08-05T02:41:04.639Z", "group": 3, "status": true, "review_1": 20, "review_2": 19}}, {"model": "assign.topic", "pk": 10, "fields": {"title": "Phân loại hình ảnh X-quang phổi covid", "student": "Lê Xuân Huy", "mssv": "18020636", "department": 1, "mentor": 5, "create_date": "2022-07-25T18:08:32.285Z", "updated_date": "2022-08-05T02:41:04.658Z", "group": 4, "status": true, "review_1": 6, "review_2": 23}}, {"model": "assign.topic", "pk": 11, "fields": {"title": "Áp dụng cấu trúc transformation vào bài toán học máy", "student": "Lê Hoàng Thái", "mssv": "18020488", "department": 1, "mentor": 13, "create_date": "2022-07-25T18:10:54.028Z", "updated_date": "2022-08-05T02:41:04.598Z", "group": 4, "status": true, "review_1": 7, "review_2": 10}}, {"model": "assign.topic", "pk": 12, "fields": {"title": "Chuyển đổi chữ viết tay thành pdf", "student": "Đoàn Ngọc An", "mssv": "18020729", "department": 1, "mentor": 12, "create_date": "2022-07-25T18:14:17.236Z", "updated_date": "2022-08-05T02:41:04.586Z", "group": 3, "status": true, "review_1": 28, "review_2": 3}}, {"model": "assign.topic", "pk": 13, "fields": {"title": "Ứng dụng kế toán trong ngành tài chính ngân hàng", "student": "Đoàn Minh Ngọc", "mssv": "18020214", "department": 1, "mentor": 20, "create_date": "2022-07-25T18:16:14.314Z", "updated_date": "2022-08-05T02:41:04.672Z", "group": 2, "status": true, "review_1": 13, "review_2": 25}}, {"model": "assign.topic", "pk": 14, "fields": {"title": "Công cụ giám sát thiết bị IoT", "student": "Trần Thị Ngọc Anh", "mssv": "18020359", "department": 1, "mentor": 24, "create_date": "2022-07-25T18:18:05.479Z", "updated_date": "2022-08-05T02:41:04.629Z", "group": 4, "status": true, "review_1": 8, "review_2": 16}}, {"model": "assign.topic", "pk": 15, "fields": {"title": "Hệ thống A/B Test trong quảng cáo", "student": "Hồ Thị Quỳnh Vân", "mssv": "18020253", "department": 1, "mentor": 3, "create_date": "2022-07-25T18:19:41.918Z", "updated_date": "2022-08-05T02:41:04.621Z", "group": 4, "status": true, "review_1": 22, "review_2": 15}}, {"model": "assign.topic", "pk": 16, "fields": {"title": "Hỗ trợ giao tiếp giữa người khiếm thính và người bình thường", "student": "Đỗ Ngọc Hưng", "mssv": "18020411", "department": 1, "mentor": 9, "create_date": "2022-07-25T18:21:52.870Z", "updated_date": "2022-08-05T02:41:04.683Z", "group": 3, "status": true, "review_1": 26, "review_2": 29}}, {"model": "assign.topic", "pk": 17, "fields": {"title": "Xử lý truy vẫn liên tục giữa dòng dữ liệu không gian thời gian", "student": "Trần Văn Sáng", "mssv": "18021125", "department": 1, "mentor": 23, "create_date": "2022-07-25T18:24:51.462Z", "updated_date": "2022-08-05T02:41:04.634Z", "group": 4, "status": true, "review_1": 6, "review_2": 16}}, {"model": "assign.topic", "pk": 18, "fields": {"title": "Xây dựng ứng dụng nghe nhạc trực tuyến đa người dùng livestream", "student": "Phạm Mai Linh", "mssv": "18020772", "department": 1, "mentor": 11, "create_date": "2022-07-25T18:26:55.768Z", "updated_date": "2022-08-05T02:41:04.644Z", "group": 2, "status": true, "review_1": 12, "review_2": 21}}, {"model": "assign.topic", "pk": 19, "fields": {"title": "Phương pháp tiến hóa ca kiểm thử tự động", "student": "Nguyễn Thị Hồng Thắm", "mssv": "18021134", "department": 1, "mentor": 21, "create_date": "2022-07-25T18:28:31.138Z", "updated_date": "2022-08-05T02:41:04.612Z", "group": 4, "status": true, "review_1": 9, "review_2": 14}}, {"model": "assign.topic", "pk": 20, "fields": {"title": "Hệ thống thuê và cho thuê xe tự lái", "student": "Nguyễn Vũ Thu Phương", "mssv": "18021204", "department": 1, "mentor": 9, "create_date": "2022-07-25T18:29:58.676Z", "updated_date": "2022-08-05T02:41:04.616Z", "group": 2, "status": true, "review_1": 18, "review_2": 14}}, {"model": "assign.topic", "pk": 21, "fields": {"title": "Hệ thống hỗ trợ hướng nghiệp", "student": "Đỗ Thị Minh Huệ", "mssv": "18020325", "department": 1, "mentor": 8, "create_date": "2022-07-25T18:31:27.215Z", "updated_date": "2022-08-05T02:41:04.602Z", "group": 3, "status": true, "review_1": 7, "review_2": 11}}, {"model": "assign.topic", "pk": 22, "fields": {"title": "Kỹ thuật lập lịch và định tuyến cho hệ thống dùng chung thông minh", "student": "Nguyễn Trần Duy Vũ", "mssv": "18020119", "department": 1, "mentor": 25, "create_date": "2022-07-25T18:33:09.249Z", "updated_date": "2022-08-05T02:41:04.653Z", "group": 3, "status": true, "review_1": 17, "review_2": 22}}, {"model": "assign.topic", "pk": 23, "fields": {"title": "Mô hình tối ưu hóa dịch vụ vận tải người và hàng hóa", "student": "Nguyễn Thành Đạt", "mssv": "18021062", "department": 1, "mentor": 20, "create_date": "2022-07-25T18:35:08.348Z", "updated_date": "2022-08-05T02:41:04.648Z", "group": 2, "status": true, "review_1": 19, "review_2": 21}}, {"model": "assign.topic", "pk": 24, "fields": {"title": "Đề tài mới thêm ", "student": "Đỗ Thị Thu Hoài", "mssv": "18020530", "department": 1, "mentor": 3, "create_date": "2022-07-27T16:43:56.851Z", "updated_date": "2022-07-27T16:43:56.868Z", "group": 1, "status": false, "review_1": 3, "review_2": 3}}, {"model": "assign.topic", "pk": 25, "fields": {"title": "Đề tài mới 2", "student": "Đỗ Thị Thu Hoài", "mssv": "18020530", "department": 1, "mentor": 25, "create_date": "2022-07-27T16:52:16.792Z", "updated_date": "2022-07-27T16:52:16.807Z", "group": 1, "status": false, "review_1": 3, "review_2": 3}}, {"model": "assign.topic", "pk": 26, "fields": {"title": "Mô hình tối ưu hóa dịch vụ vận tải người và hàng hóa", "student": "Nguyễn Thành Đạt", "mssv": "18021062", "department": 1, "mentor": 20, "create_date": "2022-08-04T18:08:14.438Z", "updated_date": "2022-08-04T18:08:14.462Z", "group": 1, "status": false, "review_1": 3, "review_2": 3}}, {"model": "assign.topic", "pk": 27, "fields": {"title": "Đề tài 2", "student": "Nguyễn Văn A", "mssv": "18020778", "department": 1, "mentor": 28, "create_date": "2022-08-05T02:33:39.399Z", "updated_date": "2022-08-05T02:34:28.332Z", "group": 1, "status": false, "review_1": 3, "review_2": 3}}, {"model": "assign.topictokeyword", "pk": 1, "fields": {"topic": 3, "keyword": 1, "level": 3}}, {"model": "assign.topictokeyword", "pk": 2, "fields": {"topic": 3, "keyword": 2, "level": 3}}, {"model": "assign.topictokeyword", "pk": 3, "fields": {"topic": 3, "keyword": 3, "level": 5}}, {"model": "assign.topictokeyword", "pk": 4, "fields": {"topic": 3, "keyword": 4, "level": 1}}, {"model": "assign.topictokeyword", "pk": 5, "fields": {"topic": 3, "keyword": 5, "level": 2}}, {"model": "assign.topictokeyword", "pk": 6, "fields": {"topic": 3, "keyword": 6, "level": 4}}, {"model": "assign.topictokeyword", "pk": 7, "fields": {"topic": 3, "keyword": 7, "level": 4}}, {"model": "assign.topictokeyword", "pk": 8, "fields": {"topic": 3, "keyword": 8, "level": 3}}, {"model": "assign.topictokeyword", "pk": 9, "fields": {"topic": 4, "keyword": 1, "level": 5}}, {"model": "assign.topictokeyword", "pk": 10, "fields": {"topic": 4, "keyword": 2, "level": 1}}, {"model": "assign.topictokeyword", "pk": 11, "fields": {"topic": 4, "keyword": 3, "level": 2}}, {"model": "assign.topictokeyword", "pk": 12, "fields": {"topic": 4, "keyword": 4, "level": 3}}, {"model": "assign.topictokeyword", "pk": 13, "fields": {"topic": 4, "keyword": 5, "level": 5}}, {"model": "assign.topictokeyword", "pk": 14, "fields": {"topic": 4, "keyword": 6, "level": 4}}, {"model": "assign.topictokeyword", "pk": 15, "fields": {"topic": 4, "keyword": 7, "level": 3}}, {"model": "assign.topictokeyword", "pk": 16, "fields": {"topic": 4, "keyword": 8, "level": 2}}, {"model": "assign.topictokeyword", "pk": 17, "fields": {"topic": 5, "keyword": 1, "level": 2}}, {"model": "assign.topictokeyword", "pk": 18, "fields": {"topic": 5, "keyword": 2, "level": 5}}, {"model": "assign.topictokeyword", "pk": 19, "fields": {"topic": 5, "keyword": 3, "level": 5}}, {"model": "assign.topictokeyword", "pk": 20, "fields": {"topic": 5, "keyword": 4, "level": 1}}, {"model": "assign.topictokeyword", "pk": 21, "fields": {"topic": 5, "keyword": 5, "level": 3}}, {"model": "assign.topictokeyword", "pk": 22, "fields": {"topic": 5, "keyword": 6, "level": 5}}, {"model": "assign.topictokeyword", "pk": 23, "fields": {"topic": 5, "keyword": 7, "level": 5}}, {"model": "assign.topictokeyword", "pk": 24, "fields": {"topic": 5, "keyword": 8, "level": 3}}, {"model": "assign.topictokeyword", "pk": 25, "fields": {"topic": 6, "keyword": 1, "level": 5}}, {"model": "assign.topictokeyword", "pk": 26, "fields": {"topic": 6, "keyword": 2, "level": 1}}, {"model": "assign.topictokeyword", "pk": 27, "fields": {"topic": 6, "keyword": 6, "level": 4}}, {"model": "assign.topictokeyword", "pk": 28, "fields": {"topic": 6, "keyword": 8, "level": 2}}, {"model": "assign.topictokeyword", "pk": 29, "fields": {"topic": 6, "keyword": 3, "level": 2}}, {"model": "assign.topictokeyword", "pk": 30, "fields": {"topic": 6, "keyword": 4, "level": 2}}, {"model": "assign.topictokeyword", "pk": 31, "fields": {"topic": 6, "keyword": 5, "level": 5}}, {"model": "assign.topictokeyword", "pk": 32, "fields": {"topic": 6, "keyword": 7, "level": 3}}, {"model": "assign.topictokeyword", "pk": 33, "fields": {"topic": 6, "keyword": 9, "level": 2}}, {"model": "assign.topictokeyword", "pk": 34, "fields": {"topic": 7, "keyword": 1, "level": 4}}, {"model": "assign.topictokeyword", "pk": 35, "fields": {"topic": 7, "keyword": 2, "level": 4}}, {"model": "assign.topictokeyword", "pk": 36, "fields": {"topic": 7, "keyword": 6, "level": 4}}, {"model": "assign.topictokeyword", "pk": 37, "fields": {"topic": 7, "keyword": 8, "level": 2}}, {"model": "assign.topictokeyword", "pk": 38, "fields": {"topic": 7, "keyword": 3, "level": 2}}, {"model": "assign.topictokeyword", "pk": 39, "fields": {"topic": 7, "keyword": 4, "level": 5}}, {"model": "assign.topictokeyword", "pk": 40, "fields": {"topic": 7, "keyword": 5, "level": 2}}, {"model": "assign.topictokeyword", "pk": 41, "fields": {"topic": 7, "keyword": 7, "level": 2}}, {"model": "assign.topictokeyword", "pk": 42, "fields": {"topic": 7, "keyword": 9, "level": 4}}, {"model": "assign.topictokeyword", "pk": 43, "fields": {"topic": 8, "keyword": 1, "level": 3}}, {"model": "assign.topictokeyword", "pk": 44, "fields": {"topic": 8, "keyword": 2, "level": 5}}, {"model": "assign.topictokeyword", "pk": 45, "fields": {"topic": 8, "keyword": 6, "level": 2}}, {"model": "assign.topictokeyword", "pk": 46, "fields": {"topic": 8, "keyword": 8, "level": 5}}, {"model": "assign.topictokeyword", "pk": 47, "fields": {"topic": 8, "keyword": 3, "level": 4}}, {"model": "assign.topictokeyword", "pk": 48, "fields": {"topic": 8, "keyword": 4, "level": 4}}, {"model": "assign.topictokeyword", "pk": 49, "fields": {"topic": 8, "keyword": 5, "level": 2}}, {"model": "assign.topictokeyword", "pk": 50, "fields": {"topic": 8, "keyword": 7, "level": 4}}, {"model": "assign.topictokeyword", "pk": 51, "fields": {"topic": 8, "keyword": 9, "level": 3}}, {"model": "assign.topictokeyword", "pk": 52, "fields": {"topic": 9, "keyword": 1, "level": 4}}, {"model": "assign.topictokeyword", "pk": 53, "fields": {"topic": 9, "keyword": 2, "level": 3}}, {"model": "assign.topictokeyword", "pk": 54, "fields": {"topic": 9, "keyword": 6, "level": 2}}, {"model": "assign.topictokeyword", "pk": 55, "fields": {"topic": 9, "keyword": 8, "level": 3}}, {"model": "assign.topictokeyword", "pk": 56, "fields": {"topic": 9, "keyword": 3, "level": 2}}, {"model": "assign.topictokeyword", "pk": 57, "fields": {"topic": 9, "keyword": 4, "level": 2}}, {"model": "assign.topictokeyword", "pk": 58, "fields": {"topic": 9, "keyword": 5, "level": 4}}, {"model": "assign.topictokeyword", "pk": 59, "fields": {"topic": 9, "keyword": 7, "level": 5}}, {"model": "assign.topictokeyword", "pk": 60, "fields": {"topic": 9, "keyword": 9, "level": 2}}, {"model": "assign.topictokeyword", "pk": 61, "fields": {"topic": 10, "keyword": 1, "level": 4}}, {"model": "assign.topictokeyword", "pk": 62, "fields": {"topic": 10, "keyword": 2, "level": 3}}, {"model": "assign.topictokeyword", "pk": 63, "fields": {"topic": 10, "keyword": 6, "level": 3}}, {"model": "assign.topictokeyword", "pk": 64, "fields": {"topic": 10, "keyword": 8, "level": 2}}, {"model": "assign.topictokeyword", "pk": 65, "fields": {"topic": 10, "keyword": 3, "level": 3}}, {"model": "assign.topictokeyword", "pk": 66, "fields": {"topic": 10, "keyword": 4, "level": 5}}, {"model": "assign.topictokeyword", "pk": 67, "fields": {"topic": 10, "keyword": 5, "level": 2}}, {"model": "assign.topictokeyword", "pk": 68, "fields": {"topic": 10, "keyword": 7, "level": 2}}, {"model": "assign.topictokeyword", "pk": 69, "fields": {"topic": 10, "keyword": 9, "level": 3}}, {"model": "assign.topictokeyword", "pk": 70, "fields": {"topic": 11, "keyword": 1, "level": 4}}, {"model": "assign.topictokeyword", "pk": 71, "fields": {"topic": 11, "keyword": 2, "level": 4}}, {"model": "assign.topictokeyword", "pk": 72, "fields": {"topic": 11, "keyword": 6, "level": 5}}, {"model": "assign.topictokeyword", "pk": 73, "fields": {"topic": 11, "keyword": 8, "level": 2}}, {"model": "assign.topictokeyword", "pk": 74, "fields": {"topic": 11, "keyword": 3, "level": 3}}, {"model": "assign.topictokeyword", "pk": 75, "fields": {"topic": 11, "keyword": 4, "level": 4}}, {"model": "assign.topictokeyword", "pk": 76, "fields": {"topic": 11, "keyword": 5, "level": 2}}, {"model": "assign.topictokeyword", "pk": 77, "fields": {"topic": 11, "keyword": 7, "level": 3}}, {"model": "assign.topictokeyword", "pk": 78, "fields": {"topic": 11, "keyword": 9, "level": 4}}, {"model": "assign.topictokeyword", "pk": 79, "fields": {"topic": 12, "keyword": 1, "level": 5}}, {"model": "assign.topictokeyword", "pk": 80, "fields": {"topic": 12, "keyword": 2, "level": 2}}, {"model": "assign.topictokeyword", "pk": 81, "fields": {"topic": 12, "keyword": 6, "level": 3}}, {"model": "assign.topictokeyword", "pk": 82, "fields": {"topic": 12, "keyword": 8, "level": 2}}, {"model": "assign.topictokeyword", "pk": 83, "fields": {"topic": 12, "keyword": 3, "level": 3}}, {"model": "assign.topictokeyword", "pk": 84, "fields": {"topic": 12, "keyword": 4, "level": 2}}, {"model": "assign.topictokeyword", "pk": 85, "fields": {"topic": 12, "keyword": 5, "level": 4}}, {"model": "assign.topictokeyword", "pk": 86, "fields": {"topic": 12, "keyword": 7, "level": 4}}, {"model": "assign.topictokeyword", "pk": 87, "fields": {"topic": 12, "keyword": 9, "level": 4}}, {"model": "assign.topictokeyword", "pk": 88, "fields": {"topic": 13, "keyword": 1, "level": 4}}, {"model": "assign.topictokeyword", "pk": 89, "fields": {"topic": 13, "keyword": 2, "level": 5}}, {"model": "assign.topictokeyword", "pk": 90, "fields": {"topic": 13, "keyword": 6, "level": 5}}, {"model": "assign.topictokeyword", "pk": 91, "fields": {"topic": 13, "keyword": 8, "level": 2}}, {"model": "assign.topictokeyword", "pk": 92, "fields": {"topic": 13, "keyword": 3, "level": 4}}, {"model": "assign.topictokeyword", "pk": 93, "fields": {"topic": 13, "keyword": 4, "level": 2}}, {"model": "assign.topictokeyword", "pk": 94, "fields": {"topic": 13, "keyword": 5, "level": 3}}, {"model": "assign.topictokeyword", "pk": 95, "fields": {"topic": 13, "keyword": 7, "level": 5}}, {"model": "assign.topictokeyword", "pk": 96, "fields": {"topic": 13, "keyword": 9, "level": 2}}, {"model": "assign.topictokeyword", "pk": 97, "fields": {"topic": 14, "keyword": 1, "level": 4}}, {"model": "assign.topictokeyword", "pk": 98, "fields": {"topic": 14, "keyword": 2, "level": 4}}, {"model": "assign.topictokeyword", "pk": 99, "fields": {"topic": 14, "keyword": 6, "level": 4}}, {"model": "assign.topictokeyword", "pk": 100, "fields": {"topic": 14, "keyword": 8, "level": 2}}, {"model": "assign.topictokeyword", "pk": 101, "fields": {"topic": 14, "keyword": 3, "level": 3}}, {"model": "assign.topictokeyword", "pk": 102, "fields": {"topic": 14, "keyword": 4, "level": 5}}, {"model": "assign.topictokeyword", "pk": 103, "fields": {"topic": 14, "keyword": 5, "level": 2}}, {"model": "assign.topictokeyword", "pk": 104, "fields": {"topic": 14, "keyword": 7, "level": 2}}, {"model": "assign.topictokeyword", "pk": 105, "fields": {"topic": 14, "keyword": 9, "level": 4}}, {"model": "assign.topictokeyword", "pk": 106, "fields": {"topic": 15, "keyword": 1, "level": 3}}, {"model": "assign.topictokeyword", "pk": 107, "fields": {"topic": 15, "keyword": 2, "level": 5}}, {"model": "assign.topictokeyword", "pk": 108, "fields": {"topic": 15, "keyword": 6, "level": 2}}, {"model": "assign.topictokeyword", "pk": 109, "fields": {"topic": 15, "keyword": 8, "level": 5}}, {"model": "assign.topictokeyword", "pk": 110, "fields": {"topic": 15, "keyword": 3, "level": 4}}, {"model": "assign.topictokeyword", "pk": 111, "fields": {"topic": 15, "keyword": 4, "level": 4}}, {"model": "assign.topictokeyword", "pk": 112, "fields": {"topic": 15, "keyword": 5, "level": 2}}, {"model": "assign.topictokeyword", "pk": 113, "fields": {"topic": 15, "keyword": 7, "level": 4}}, {"model": "assign.topictokeyword", "pk": 114, "fields": {"topic": 15, "keyword": 9, "level": 2}}, {"model": "assign.topictokeyword", "pk": 115, "fields": {"topic": 16, "keyword": 1, "level": 5}}, {"model": "assign.topictokeyword", "pk": 116, "fields": {"topic": 16, "keyword": 2, "level": 2}}, {"model": "assign.topictokeyword", "pk": 117, "fields": {"topic": 16, "keyword": 6, "level": 4}}, {"model": "assign.topictokeyword", "pk": 118, "fields": {"topic": 16, "keyword": 8, "level": 2}}, {"model": "assign.topictokeyword", "pk": 119, "fields": {"topic": 16, "keyword": 3, "level": 3}}, {"model": "assign.topictokeyword", "pk": 120, "fields": {"topic": 16, "keyword": 4, "level": 2}}, {"model": "assign.topictokeyword", "pk": 121, "fields": {"topic": 16, "keyword": 5, "level": 5}}, {"model": "assign.topictokeyword", "pk": 122, "fields": {"topic": 16, "keyword": 7, "level": 3}}, {"model": "assign.topictokeyword", "pk": 123, "fields": {"topic": 16, "keyword": 9, "level": 2}}, {"model": "assign.topictokeyword", "pk": 124, "fields": {"topic": 17, "keyword": 1, "level": 4}}, {"model": "assign.topictokeyword", "pk": 125, "fields": {"topic": 17, "keyword": 2, "level": 4}}, {"model": "assign.topictokeyword", "pk": 126, "fields": {"topic": 17, "keyword": 6, "level": 4}}, {"model": "assign.topictokeyword", "pk": 127, "fields": {"topic": 17, "keyword": 8, "level": 2}}, {"model": "assign.topictokeyword", "pk": 128, "fields": {"topic": 17, "keyword": 3, "level": 4}}, {"model": "assign.topictokeyword", "pk": 129, "fields": {"topic": 17, "keyword": 4, "level": 5}}, {"model": "assign.topictokeyword", "pk": 130, "fields": {"topic": 17, "keyword": 5, "level": 2}}, {"model": "assign.topictokeyword", "pk": 131, "fields": {"topic": 17, "keyword": 7, "level": 2}}, {"model": "assign.topictokeyword", "pk": 132, "fields": {"topic": 17, "keyword": 9, "level": 4}}, {"model": "assign.topictokeyword", "pk": 133, "fields": {"topic": 18, "keyword": 1, "level": 2}}, {"model": "assign.topictokeyword", "pk": 134, "fields": {"topic": 18, "keyword": 2, "level": 3}}, {"model": "assign.topictokeyword", "pk": 135, "fields": {"topic": 18, "keyword": 6, "level": 2}}, {"model": "assign.topictokeyword", "pk": 136, "fields": {"topic": 18, "keyword": 8, "level": 3}}, {"model": "assign.topictokeyword", "pk": 137, "fields": {"topic": 18, "keyword": 3, "level": 5}}, {"model": "assign.topictokeyword", "pk": 138, "fields": {"topic": 18, "keyword": 4, "level": 3}}, {"model": "assign.topictokeyword", "pk": 139, "fields": {"topic": 18, "keyword": 5, "level": 1}}, {"model": "assign.topictokeyword", "pk": 140, "fields": {"topic": 18, "keyword": 7, "level": 5}}, {"model": "assign.topictokeyword", "pk": 141, "fields": {"topic": 18, "keyword": 9, "level": 5}}, {"model": "assign.topictokeyword", "pk": 142, "fields": {"topic": 19, "keyword": 1, "level": 2}}, {"model": "assign.topictokeyword", "pk": 143, "fields": {"topic": 19, "keyword": 2, "level": 5}}, {"model": "assign.topictokeyword", "pk": 144, "fields": {"topic": 19, "keyword": 6, "level": 3}}, {"model": "assign.topictokeyword", "pk": 145, "fields": {"topic": 19, "keyword": 8, "level": 5}}, {"model": "assign.topictokeyword", "pk": 146, "fields": {"topic": 19, "keyword": 3, "level": 3}}, {"model": "assign.topictokeyword", "pk": 147, "fields": {"topic": 19, "keyword": 4, "level": 2}}, {"model": "assign.topictokeyword", "pk": 148, "fields": {"topic": 19, "keyword": 5, "level": 4}}, {"model": "assign.topictokeyword", "pk": 149, "fields": {"topic": 19, "keyword": 7, "level": 3}}, {"model": "assign.topictokeyword", "pk": 150, "fields": {"topic": 19, "keyword": 9, "level": 1}}, {"model": "assign.topictokeyword", "pk": 151, "fields": {"topic": 20, "keyword": 1, "level": 2}}, {"model": "assign.topictokeyword", "pk": 152, "fields": {"topic": 20, "keyword": 2, "level": 4}}, {"model": "assign.topictokeyword", "pk": 153, "fields": {"topic": 20, "keyword": 6, "level": 4}}, {"model": "assign.topictokeyword", "pk": 154, "fields": {"topic": 20, "keyword": 8, "level": 4}}, {"model": "assign.topictokeyword", "pk": 155, "fields": {"topic": 20, "keyword": 3, "level": 5}}, {"model": "assign.topictokeyword", "pk": 156, "fields": {"topic": 20, "keyword": 4, "level": 3}}, {"model": "assign.topictokeyword", "pk": 157, "fields": {"topic": 20, "keyword": 5, "level": 2}}, {"model": "assign.topictokeyword", "pk": 158, "fields": {"topic": 20, "keyword": 7, "level": 3}}, {"model": "assign.topictokeyword", "pk": 159, "fields": {"topic": 20, "keyword": 9, "level": 5}}, {"model": "assign.topictokeyword", "pk": 160, "fields": {"topic": 21, "keyword": 1, "level": 5}}, {"model": "assign.topictokeyword", "pk": 161, "fields": {"topic": 21, "keyword": 2, "level": 3}}, {"model": "assign.topictokeyword", "pk": 162, "fields": {"topic": 21, "keyword": 6, "level": 4}}, {"model": "assign.topictokeyword", "pk": 163, "fields": {"topic": 21, "keyword": 8, "level": 2}}, {"model": "assign.topictokeyword", "pk": 164, "fields": {"topic": 21, "keyword": 3, "level": 3}}, {"model": "assign.topictokeyword", "pk": 165, "fields": {"topic": 21, "keyword": 4, "level": 3}}, {"model": "assign.topictokeyword", "pk": 166, "fields": {"topic": 21, "keyword": 5, "level": 4}}, {"model": "assign.topictokeyword", "pk": 167, "fields": {"topic": 21, "keyword": 7, "level": 4}}, {"model": "assign.topictokeyword", "pk": 168, "fields": {"topic": 21, "keyword": 9, "level": 4}}, {"model": "assign.topictokeyword", "pk": 169, "fields": {"topic": 22, "keyword": 1, "level": 4}}, {"model": "assign.topictokeyword", "pk": 170, "fields": {"topic": 22, "keyword": 2, "level": 3}}, {"model": "assign.topictokeyword", "pk": 171, "fields": {"topic": 22, "keyword": 6, "level": 5}}, {"model": "assign.topictokeyword", "pk": 172, "fields": {"topic": 22, "keyword": 8, "level": 3}}, {"model": "assign.topictokeyword", "pk": 173, "fields": {"topic": 22, "keyword": 3, "level": 4}}, {"model": "assign.topictokeyword", "pk": 174, "fields": {"topic": 22, "keyword": 4, "level": 5}}, {"model": "assign.topictokeyword", "pk": 175, "fields": {"topic": 22, "keyword": 5, "level": 4}}, {"model": "assign.topictokeyword", "pk": 176, "fields": {"topic": 22, "keyword": 7, "level": 4}}, {"model": "assign.topictokeyword", "pk": 177, "fields": {"topic": 22, "keyword": 9, "level": 2}}, {"model": "assign.topictokeyword", "pk": 178, "fields": {"topic": 23, "keyword": 1, "level": 3}}, {"model": "assign.topictokeyword", "pk": 179, "fields": {"topic": 23, "keyword": 2, "level": 2}}, {"model": "assign.topictokeyword", "pk": 180, "fields": {"topic": 23, "keyword": 6, "level": 5}}, {"model": "assign.topictokeyword", "pk": 181, "fields": {"topic": 23, "keyword": 8, "level": 4}}, {"model": "assign.topictokeyword", "pk": 182, "fields": {"topic": 23, "keyword": 3, "level": 4}}, {"model": "assign.topictokeyword", "pk": 183, "fields": {"topic": 23, "keyword": 4, "level": 2}}, {"model": "assign.topictokeyword", "pk": 184, "fields": {"topic": 23, "keyword": 5, "level": 3}}, {"model": "assign.topictokeyword", "pk": 185, "fields": {"topic": 23, "keyword": 7, "level": 4}}, {"model": "assign.topictokeyword", "pk": 186, "fields": {"topic": 23, "keyword": 9, "level": 2}}, {"model": "assign.topictokeyword", "pk": 187, "fields": {"topic": 3, "keyword": 9, "level": 3}}, {"model": "assign.topictokeyword", "pk": 188, "fields": {"topic": 4, "keyword": 9, "level": 3}}, {"model": "assign.topictokeyword", "pk": 189, "fields": {"topic": 5, "keyword": 9, "level": 2}}, {"model": "assign.topictokeyword", "pk": 190, "fields": {"topic": 24, "keyword": 1, "level": 4}}, {"model": "assign.topictokeyword", "pk": 191, "fields": {"topic": 24, "keyword": 2, "level": 3}}, {"model": "assign.topictokeyword", "pk": 192, "fields": {"topic": 24, "keyword": 6, "level": 3}}, {"model": "assign.topictokeyword", "pk": 193, "fields": {"topic": 24, "keyword": 8, "level": 2}}, {"model": "assign.topictokeyword", "pk": 194, "fields": {"topic": 24, "keyword": 3, "level": 5}}, {"model": "assign.topictokeyword", "pk": 195, "fields": {"topic": 24, "keyword": 4, "level": 2}}, {"model": "assign.topictokeyword", "pk": 196, "fields": {"topic": 24, "keyword": 5, "level": 4}}, {"model": "assign.topictokeyword", "pk": 197, "fields": {"topic": 24, "keyword": 7, "level": 5}}, {"model": "assign.topictokeyword", "pk": 198, "fields": {"topic": 24, "keyword": 9, "level": 3}}, {"model": "assign.topictokeyword", "pk": 199, "fields": {"topic": 25, "keyword": 1, "level": 3}}, {"model": "assign.topictokeyword", "pk": 200, "fields": {"topic": 25, "keyword": 2, "level": 4}}, {"model": "assign.topictokeyword", "pk": 201, "fields": {"topic": 25, "keyword": 6, "level": 2}}, {"model": "assign.topictokeyword", "pk": 202, "fields": {"topic": 25, "keyword": 8, "level": 5}}, {"model": "assign.topictokeyword", "pk": 203, "fields": {"topic": 25, "keyword": 3, "level": 3}}, {"model": "assign.topictokeyword", "pk": 204, "fields": {"topic": 25, "keyword": 4, "level": 5}}, {"model": "assign.topictokeyword", "pk": 205, "fields": {"topic": 25, "keyword": 5, "level": 4}}, {"model": "assign.topictokeyword", "pk": 206, "fields": {"topic": 25, "keyword": 7, "level": 5}}, {"model": "assign.topictokeyword", "pk": 207, "fields": {"topic": 25, "keyword": 9, "level": 2}}, {"model": "assign.topictokeyword", "pk": 208, "fields": {"topic": 26, "keyword": 1, "level": 4}}, {"model": "assign.topictokeyword", "pk": 209, "fields": {"topic": 26, "keyword": 2, "level": 2}}, {"model": "assign.topictokeyword", "pk": 210, "fields": {"topic": 26, "keyword": 6, "level": 5}}, {"model": "assign.topictokeyword", "pk": 211, "fields": {"topic": 26, "keyword": 8, "level": 4}}, {"model": "assign.topictokeyword", "pk": 212, "fields": {"topic": 26, "keyword": 3, "level": 4}}, {"model": "assign.topictokeyword", "pk": 213, "fields": {"topic": 26, "keyword": 4, "level": 2}}, {"model": "assign.topictokeyword", "pk": 214, "fields": {"topic": 26, "keyword": 5, "level": 3}}, {"model": "assign.topictokeyword", "pk": 215, "fields": {"topic": 26, "keyword": 7, "level": 4}}, {"model": "assign.topictokeyword", "pk": 216, "fields": {"topic": 26, "keyword": 9, "level": 2}}, {"model": "assign.topictokeyword", "pk": 217, "fields": {"topic": 27, "keyword": 1, "level": 4}}, {"model": "assign.topictokeyword", "pk": 218, "fields": {"topic": 27, "keyword": 2, "level": 2}}, {"model": "assign.topictokeyword", "pk": 219, "fields": {"topic": 27, "keyword": 6, "level": 3}}, {"model": "assign.topictokeyword", "pk": 220, "fields": {"topic": 27, "keyword": 8, "level": 4}}, {"model": "assign.topictokeyword", "pk": 221, "fields": {"topic": 27, "keyword": 3, "level": 4}}, {"model": "assign.topictokeyword", "pk": 222, "fields": {"topic": 27, "keyword": 4, "level": 3}}, {"model": "assign.topictokeyword", "pk": 223, "fields": {"topic": 27, "keyword": 5, "level": 4}}, {"model": "assign.topictokeyword", "pk": 224, "fields": {"topic": 27, "keyword": 7, "level": 2}}, {"model": "assign.topictokeyword", "pk": 225, "fields": {"topic": 27, "keyword": 9, "level": 4}}, {"model": "assign.lecturertokeyword", "pk": 1, "fields": {"lecturer": 3, "keyword": 1, "level": 5}}, {"model": "assign.lecturertokeyword", "pk": 2, "fields": {"lecturer": 3, "keyword": 2, "level": 3}}, {"model": "assign.lecturertokeyword", "pk": 3, "fields": {"lecturer": 3, "keyword": 3, "level": 3}}, {"model": "assign.lecturertokeyword", "pk": 4, "fields": {"lecturer": 3, "keyword": 4, "level": 2}}, {"model": "assign.lecturertokeyword", "pk": 5, "fields": {"lecturer": 3, "keyword": 5, "level": 5}}, {"model": "assign.lecturertokeyword", "pk": 6, "fields": {"lecturer": 3, "keyword": 6, "level": 5}}, {"model": "assign.lecturertokeyword", "pk": 7, "fields": {"lecturer": 3, "keyword": 7, "level": 4}}, {"model": "assign.lecturertokeyword", "pk": 8, "fields": {"lecturer": 3, "keyword": 8, "level": 1}}, {"model": "assign.lecturertokeyword", "pk": 9, "fields": {"lecturer": 4, "keyword": 1, "level": 4}}, {"model": "assign.lecturertokeyword", "pk": 10, "fields": {"lecturer": 4, "keyword": 2, "level": 4}}, {"model": "assign.lecturertokeyword", "pk": 11, "fields": {"lecturer": 4, "keyword": 3, "level": 4}}, {"model": "assign.lecturertokeyword", "pk": 12, "fields": {"lecturer": 4, "keyword": 4, "level": 3}}, {"model": "assign.lecturertokeyword", "pk": 13, "fields": {"lecturer": 4, "keyword": 5, "level": 5}}, {"model": "assign.lecturertokeyword", "pk": 14, "fields": {"lecturer": 4, "keyword": 6, "level": 2}}, {"model": "assign.lecturertokeyword", "pk": 15, "fields": {"lecturer": 4, "keyword": 7, "level": 4}}, {"model": "assign.lecturertokeyword", "pk": 16, "fields": {"lecturer": 4, "keyword": 8, "level": 2}}, {"model": "assign.lecturertokeyword", "pk": 17, "fields": {"lecturer": 5, "keyword": 1, "level": 4}}, {"model": "assign.lecturertokeyword", "pk": 18, "fields": {"lecturer": 5, "keyword": 2, "level": 2}}, {"model": "assign.lecturertokeyword", "pk": 19, "fields": {"lecturer": 5, "keyword": 3, "level": 5}}, {"model": "assign.lecturertokeyword", "pk": 20, "fields": {"lecturer": 5, "keyword": 4, "level": 3}}, {"model": "assign.lecturertokeyword", "pk": 21, "fields": {"lecturer": 5, "keyword": 5, "level": 4}}, {"model": "assign.lecturertokeyword", "pk": 22, "fields": {"lecturer": 5, "keyword": 6, "level": 3}}, {"model": "assign.lecturertokeyword", "pk": 23, "fields": {"lecturer": 5, "keyword": 7, "level": 2}}, {"model": "assign.lecturertokeyword", "pk": 24, "fields": {"lecturer": 5, "keyword": 8, "level": 5}}, {"model": "assign.lecturertokeyword", "pk": 25, "fields": {"lecturer": 6, "keyword": 1, "level": 3}}, {"model": "assign.lecturertokeyword", "pk": 26, "fields": {"lecturer": 6, "keyword": 2, "level": 4}}, {"model": "assign.lecturertokeyword", "pk": 27, "fields": {"lecturer": 6, "keyword": 3, "level": 5}}, {"model": "assign.lecturertokeyword", "pk": 28, "fields": {"lecturer": 6, "keyword": 4, "level": 4}}, {"model": "assign.lecturertokeyword", "pk": 29, "fields": {"lecturer": 6, "keyword": 5, "level": 3}}, {"model": "assign.lecturertokeyword", "pk": 30, "fields": {"lecturer": 6, "keyword": 6, "level": 5}}, {"model": "assign.lecturertokeyword", "pk": 31, "fields": {"lecturer": 6, "keyword": 7, "level": 2}}, {"model": "assign.lecturertokeyword", "pk": 32, "fields": {"lecturer": 6, "keyword": 8, "level": 2}}, {"model": "assign.lecturertokeyword", "pk": 33, "fields": {"lecturer": 7, "keyword": 1, "level": 5}}, {"model": "assign.lecturertokeyword", "pk": 34, "fields": {"lecturer": 7, "keyword": 2, "level": 3}}, {"model": "assign.lecturertokeyword", "pk": 35, "fields": {"lecturer": 7, "keyword": 3, "level": 4}}, {"model": "assign.lecturertokeyword", "pk": 36, "fields": {"lecturer": 7, "keyword": 4, "level": 4}}, {"model": "assign.lecturertokeyword", "pk": 37, "fields": {"lecturer": 7, "keyword": 5, "level": 5}}, {"model": "assign.lecturertokeyword", "pk": 38, "fields": {"lecturer": 7, "keyword": 6, "level": 5}}, {"model": "assign.lecturertokeyword", "pk": 39, "fields": {"lecturer": 7, "keyword": 7, "level": 4}}, {"model": "assign.lecturertokeyword", "pk": 40, "fields": {"lecturer": 7, "keyword": 8, "level": 2}}, {"model": "assign.lecturertokeyword", "pk": 41, "fields": {"lecturer": 8, "keyword": 1, "level": 2}}, {"model": "assign.lecturertokeyword", "pk": 42, "fields": {"lecturer": 8, "keyword": 2, "level": 4}}, {"model": "assign.lecturertokeyword", "pk": 43, "fields": {"lecturer": 8, "keyword": 3, "level": 3}}, {"model": "assign.lecturertokeyword", "pk": 44, "fields": {"lecturer": 8, "keyword": 4, "level": 5}}, {"model": "assign.lecturertokeyword", "pk": 45, "fields": {"lecturer": 8, "keyword": 5, "level": 2}}, {"model": "assign.lecturertokeyword", "pk": 46, "fields": {"lecturer": 8, "keyword": 6, "level": 4}}, {"model": "assign.lecturertokeyword", "pk": 47, "fields": {"lecturer": 8, "keyword": 7, "level": 4}}, {"model": "assign.lecturertokeyword", "pk": 48, "fields": {"lecturer": 8, "keyword": 8, "level": 5}}, {"model": "assign.lecturertokeyword", "pk": 49, "fields": {"lecturer": 9, "keyword": 1, "level": 2}}, {"model": "assign.lecturertokeyword", "pk": 50, "fields": {"lecturer": 9, "keyword": 2, "level": 5}}, {"model": "assign.lecturertokeyword", "pk": 51, "fields": {"lecturer": 9, "keyword": 3, "level": 4}}, {"model": "assign.lecturertokeyword", "pk": 52, "fields": {"lecturer": 9, "keyword": 4, "level": 2}}, {"model": "assign.lecturertokeyword", "pk": 53, "fields": {"lecturer": 9, "keyword": 5, "level": 3}}, {"model": "assign.lecturertokeyword", "pk": 54, "fields": {"lecturer": 9, "keyword": 6, "level": 4}}, {"model": "assign.lecturertokeyword", "pk": 55, "fields": {"lecturer": 9, "keyword": 7, "level": 2}}, {"model": "assign.lecturertokeyword", "pk": 56, "fields": {"lecturer": 9, "keyword": 8, "level": 5}}, {"model": "assign.lecturertokeyword", "pk": 57, "fields": {"lecturer": 10, "keyword": 1, "level": 3}}, {"model": "assign.lecturertokeyword", "pk": 58, "fields": {"lecturer": 10, "keyword": 2, "level": 5}}, {"model": "assign.lecturertokeyword", "pk": 59, "fields": {"lecturer": 10, "keyword": 3, "level": 5}}, {"model": "assign.lecturertokeyword", "pk": 60, "fields": {"lecturer": 10, "keyword": 4, "level": 4}}, {"model": "assign.lecturertokeyword", "pk": 61, "fields": {"lecturer": 10, "keyword": 5, "level": 3}}, {"model": "assign.lecturertokeyword", "pk": 62, "fields": {"lecturer": 10, "keyword": 6, "level": 5}}, {"model": "assign.lecturertokeyword", "pk": 63, "fields": {"lecturer": 10, "keyword": 7, "level": 3}}, {"model": "assign.lecturertokeyword", "pk": 64, "fields": {"lecturer": 10, "keyword": 8, "level": 3}}, {"model": "assign.lecturertokeyword", "pk": 65, "fields": {"lecturer": 11, "keyword": 1, "level": 4}}, {"model": "assign.lecturertokeyword", "pk": 66, "fields": {"lecturer": 11, "keyword": 2, "level": 2}}, {"model": "assign.lecturertokeyword", "pk": 67, "fields": {"lecturer": 11, "keyword": 3, "level": 3}}, {"model": "assign.lecturertokeyword", "pk": 68, "fields": {"lecturer": 11, "keyword": 4, "level": 3}}, {"model": "assign.lecturertokeyword", "pk": 69, "fields": {"lecturer": 11, "keyword": 5, "level": 4}}, {"model": "assign.lecturertokeyword", "pk": 70, "fields": {"lecturer": 11, "keyword": 6, "level": 4}}, {"model": "assign.lecturertokeyword", "pk": 71, "fields": {"lecturer": 11, "keyword": 7, "level": 4}}, {"model": "assign.lecturertokeyword", "pk": 72, "fields": {"lecturer": 11, "keyword": 8, "level": 5}}, {"model": "assign.lecturertokeyword", "pk": 73, "fields": {"lecturer": 12, "keyword": 1, "level": 4}}, {"model": "assign.lecturertokeyword", "pk": 74, "fields": {"lecturer": 12, "keyword": 2, "level": 3}}, {"model": "assign.lecturertokeyword", "pk": 75, "fields": {"lecturer": 12, "keyword": 6, "level": 4}}, {"model": "assign.lecturertokeyword", "pk": 76, "fields": {"lecturer": 12, "keyword": 8, "level": 3}}, {"model": "assign.lecturertokeyword", "pk": 77, "fields": {"lecturer": 12, "keyword": 3, "level": 5}}, {"model": "assign.lecturertokeyword", "pk": 78, "fields": {"lecturer": 12, "keyword": 4, "level": 3}}, {"model": "assign.lecturertokeyword", "pk": 79, "fields": {"lecturer": 12, "keyword": 5, "level": 4}}, {"model": "assign.lecturertokeyword", "pk": 80, "fields": {"lecturer": 12, "keyword": 7, "level": 5}}, {"model": "assign.lecturertokeyword", "pk": 81, "fields": {"lecturer": 12, "keyword": 9, "level": 4}}, {"model": "assign.lecturertokeyword", "pk": 82, "fields": {"lecturer": 13, "keyword": 1, "level": 3}}, {"model": "assign.lecturertokeyword", "pk": 83, "fields": {"lecturer": 13, "keyword": 2, "level": 5}}, {"model": "assign.lecturertokeyword", "pk": 84, "fields": {"lecturer": 13, "keyword": 6, "level": 4}}, {"model": "assign.lecturertokeyword", "pk": 85, "fields": {"lecturer": 13, "keyword": 8, "level": 3}}, {"model": "assign.lecturertokeyword", "pk": 86, "fields": {"lecturer": 13, "keyword": 3, "level": 4}}, {"model": "assign.lecturertokeyword", "pk": 87, "fields": {"lecturer": 13, "keyword": 4, "level": 2}}, {"model": "assign.lecturertokeyword", "pk": 88, "fields": {"lecturer": 13, "keyword": 5, "level": 4}}, {"model": "assign.lecturertokeyword", "pk": 89, "fields": {"lecturer": 13, "keyword": 7, "level": 5}}, {"model": "assign.lecturertokeyword", "pk": 90, "fields": {"lecturer": 13, "keyword": 9, "level": 3}}, {"model": "assign.lecturertokeyword", "pk": 91, "fields": {"lecturer": 14, "keyword": 1, "level": 2}}, {"model": "assign.lecturertokeyword", "pk": 92, "fields": {"lecturer": 14, "keyword": 2, "level": 4}}, {"model": "assign.lecturertokeyword", "pk": 93, "fields": {"lecturer": 14, "keyword": 6, "level": 3}}, {"model": "assign.lecturertokeyword", "pk": 94, "fields": {"lecturer": 14, "keyword": 8, "level": 5}}, {"model": "assign.lecturertokeyword", "pk": 95, "fields": {"lecturer": 14, "keyword": 3, "level": 4}}, {"model": "assign.lecturertokeyword", "pk": 96, "fields": {"lecturer": 14, "keyword": 4, "level": 2}}, {"model": "assign.lecturertokeyword", "pk": 97, "fields": {"lecturer": 14, "keyword": 5, "level": 3}}, {"model": "assign.lecturertokeyword", "pk": 98, "fields": {"lecturer": 14, "keyword": 7, "level": 4}}, {"model": "assign.lecturertokeyword", "pk": 99, "fields": {"lecturer": 14, "keyword": 9, "level": 3}}, {"model": "assign.lecturertokeyword", "pk": 100, "fields": {"lecturer": 15, "keyword": 1, "level": 3}}, {"model": "assign.lecturertokeyword", "pk": 101, "fields": {"lecturer": 15, "keyword": 2, "level": 5}}, {"model": "assign.lecturertokeyword", "pk": 102, "fields": {"lecturer": 15, "keyword": 6, "level": 4}}, {"model": "assign.lecturertokeyword", "pk": 103, "fields": {"lecturer": 15, "keyword": 8, "level": 5}}, {"model": "assign.lecturertokeyword", "pk": 104, "fields": {"lecturer": 15, "keyword": 3, "level": 5}}, {"model": "assign.lecturertokeyword", "pk": 105, "fields": {"lecturer": 15, "keyword": 4, "level": 4}}, {"model": "assign.lecturertokeyword", "pk": 106, "fields": {"lecturer": 15, "keyword": 5, "level": 2}}, {"model": "assign.lecturertokeyword", "pk": 107, "fields": {"lecturer": 15, "keyword": 7, "level": 5}}, {"model": "assign.lecturertokeyword", "pk": 108, "fields": {"lecturer": 15, "keyword": 9, "level": 4}}, {"model": "assign.lecturertokeyword", "pk": 109, "fields": {"lecturer": 16, "keyword": 1, "level": 3}}, {"model": "assign.lecturertokeyword", "pk": 110, "fields": {"lecturer": 16, "keyword": 2, "level": 5}}, {"model": "assign.lecturertokeyword", "pk": 111, "fields": {"lecturer": 16, "keyword": 6, "level": 4}}, {"model": "assign.lecturertokeyword", "pk": 112, "fields": {"lecturer": 16, "keyword": 8, "level": 3}}, {"model": "assign.lecturertokeyword", "pk": 113, "fields": {"lecturer": 16, "keyword": 3, "level": 4}}, {"model": "assign.lecturertokeyword", "pk": 114, "fields": {"lecturer": 16, "keyword": 4, "level": 5}}, {"model": "assign.lecturertokeyword", "pk": 115, "fields": {"lecturer": 16, "keyword": 5, "level": 3}}, {"model": "assign.lecturertokeyword", "pk": 116, "fields": {"lecturer": 16, "keyword": 7, "level": 5}}, {"model": "assign.lecturertokeyword", "pk": 117, "fields": {"lecturer": 16, "keyword": 9, "level": 4}}, {"model": "assign.lecturertokeyword", "pk": 118, "fields": {"lecturer": 17, "keyword": 1, "level": 4}}, {"model": "assign.lecturertokeyword", "pk": 119, "fields": {"lecturer": 17, "keyword": 2, "level": 3}}, {"model": "assign.lecturertokeyword", "pk": 120, "fields": {"lecturer": 17, "keyword": 6, "level": 5}}, {"model": "assign.lecturertokeyword", "pk": 121, "fields": {"lecturer": 17, "keyword": 8, "level": 2}}, {"model": "assign.lecturertokeyword", "pk": 122, "fields": {"lecturer": 17, "keyword": 3, "level": 5}}, {"model": "assign.lecturertokeyword", "pk": 123, "fields": {"lecturer": 17, "keyword": 4, "level": 4}}, {"model": "assign.lecturertokeyword", "pk": 124, "fields": {"lecturer": 17, "keyword": 5, "level": 4}}, {"model": "assign.lecturertokeyword", "pk": 125, "fields": {"lecturer": 17, "keyword": 7, "level": 5}}, {"model": "assign.lecturertokeyword", "pk": 126, "fields": {"lecturer": 17, "keyword": 9, "level": 3}}, {"model": "assign.lecturertokeyword", "pk": 127, "fields": {"lecturer": 18, "keyword": 1, "level": 2}}, {"model": "assign.lecturertokeyword", "pk": 128, "fields": {"lecturer": 18, "keyword": 2, "level": 3}}, {"model": "assign.lecturertokeyword", "pk": 129, "fields": {"lecturer": 18, "keyword": 6, "level": 4}}, {"model": "assign.lecturertokeyword", "pk": 130, "fields": {"lecturer": 18, "keyword": 8, "level": 4}}, {"model": "assign.lecturertokeyword", "pk": 131, "fields": {"lecturer": 18, "keyword": 3, "level": 5}}, {"model": "assign.lecturertokeyword", "pk": 132, "fields": {"lecturer": 18, "keyword": 4, "level": 3}}, {"model": "assign.lecturertokeyword", "pk": 133, "fields": {"lecturer": 18, "keyword": 5, "level": 3}}, {"model": "assign.lecturertokeyword", "pk": 134, "fields": {"lecturer": 18, "keyword": 7, "level": 5}}, {"model": "assign.lecturertokeyword", "pk": 135, "fields": {"lecturer": 18, "keyword": 9, "level": 3}}, {"model": "assign.lecturertokeyword", "pk": 136, "fields": {"lecturer": 19, "keyword": 1, "level": 4}}, {"model": "assign.lecturertokeyword", "pk": 137, "fields": {"lecturer": 19, "keyword": 2, "level": 2}}, {"model": "assign.lecturertokeyword", "pk": 138, "fields": {"lecturer": 19, "keyword": 6, "level": 3}}, {"model": "assign.lecturertokeyword", "pk": 139, "fields": {"lecturer": 19, "keyword": 8, "level": 5}}, {"model": "assign.lecturertokeyword", "pk": 140, "fields": {"lecturer": 19, "keyword": 3, "level": 5}}, {"model": "assign.lecturertokeyword", "pk": 141, "fields": {"lecturer": 19, "keyword": 4, "level": 2}}, {"model": "assign.lecturertokeyword", "pk": 142, "fields": {"lecturer": 19, "keyword": 5, "level": 3}}, {"model": "assign.lecturertokeyword", "pk": 143, "fields": {"lecturer": 19, "keyword": 7, "level": 5}}, {"model": "assign.lecturertokeyword", "pk": 144, "fields": {"lecturer": 19, "keyword": 9, "level": 2}}, {"model": "assign.lecturertokeyword", "pk": 145, "fields": {"lecturer": 20, "keyword": 1, "level": 4}}, {"model": "assign.lecturertokeyword", "pk": 146, "fields": {"lecturer": 20, "keyword": 2, "level": 2}}, {"model": "assign.lecturertokeyword", "pk": 147, "fields": {"lecturer": 20, "keyword": 6, "level": 3}}, {"model": "assign.lecturertokeyword", "pk": 148, "fields": {"lecturer": 20, "keyword": 8, "level": 4}}, {"model": "assign.lecturertokeyword", "pk": 149, "fields": {"lecturer": 20, "keyword": 3, "level": 4}}, {"model": "assign.lecturertokeyword", "pk": 150, "fields": {"lecturer": 20, "keyword": 4, "level": 2}}, {"model": "assign.lecturertokeyword", "pk": 151, "fields": {"lecturer": 20, "keyword": 5, "level": 3}}, {"model": "assign.lecturertokeyword", "pk": 152, "fields": {"lecturer": 20, "keyword": 7, "level": 5}}, {"model": "assign.lecturertokeyword", "pk": 153, "fields": {"lecturer": 20, "keyword": 9, "level": 3}}, {"model": "assign.lecturertokeyword", "pk": 154, "fields": {"lecturer": 21, "keyword": 1, "level": 2}}, {"model": "assign.lecturertokeyword", "pk": 155, "fields": {"lecturer": 21, "keyword": 2, "level": 3}}, {"model": "assign.lecturertokeyword", "pk": 156, "fields": {"lecturer": 21, "keyword": 6, "level": 5}}, {"model": "assign.lecturertokeyword", "pk": 157, "fields": {"lecturer": 21, "keyword": 8, "level": 4}}, {"model": "assign.lecturertokeyword", "pk": 158, "fields": {"lecturer": 21, "keyword": 3, "level": 4}}, {"model": "assign.lecturertokeyword", "pk": 159, "fields": {"lecturer": 21, "keyword": 4, "level": 2}}, {"model": "assign.lecturertokeyword", "pk": 160, "fields": {"lecturer": 21, "keyword": 5, "level": 2}}, {"model": "assign.lecturertokeyword", "pk": 161, "fields": {"lecturer": 21, "keyword": 7, "level": 5}}, {"model": "assign.lecturertokeyword", "pk": 162, "fields": {"lecturer": 21, "keyword": 9, "level": 4}}, {"model": "assign.lecturertokeyword", "pk": 163, "fields": {"lecturer": 22, "keyword": 1, "level": 3}}, {"model": "assign.lecturertokeyword", "pk": 164, "fields": {"lecturer": 22, "keyword": 2, "level": 5}}, {"model": "assign.lecturertokeyword", "pk": 165, "fields": {"lecturer": 22, "keyword": 6, "level": 3}}, {"model": "assign.lecturertokeyword", "pk": 166, "fields": {"lecturer": 22, "keyword": 8, "level": 3}}, {"model": "assign.lecturertokeyword", "pk": 167, "fields": {"lecturer": 22, "keyword": 3, "level": 4}}, {"model": "assign.lecturertokeyword", "pk": 168, "fields": {"lecturer": 22, "keyword": 4, "level": 5}}, {"model": "assign.lecturertokeyword", "pk": 169, "fields": {"lecturer": 22, "keyword": 5, "level": 3}}, {"model": "assign.lecturertokeyword", "pk": 170, "fields": {"lecturer": 22, "keyword": 7, "level": 4}}, {"model": "assign.lecturertokeyword", "pk": 171, "fields": {"lecturer": 22, "keyword": 9, "level": 2}}, {"model": "assign.lecturertokeyword", "pk": 172, "fields": {"lecturer": 23, "keyword": 1, "level": 3}}, {"model": "assign.lecturertokeyword", "pk": 173, "fields": {"lecturer": 23, "keyword": 2, "level": 5}}, {"model": "assign.lecturertokeyword", "pk": 174, "fields": {"lecturer": 23, "keyword": 6, "level": 4}}, {"model": "assign.lecturertokeyword", "pk": 175, "fields": {"lecturer": 23, "keyword": 8, "level": 4}}, {"model": "assign.lecturertokeyword", "pk": 176, "fields": {"lecturer": 23, "keyword": 3, "level": 3}}, {"model": "assign.lecturertokeyword", "pk": 177, "fields": {"lecturer": 23, "keyword": 4, "level": 5}}, {"model": "assign.lecturertokeyword", "pk": 178, "fields": {"lecturer": 23, "keyword": 5, "level": 3}}, {"model": "assign.lecturertokeyword", "pk": 179, "fields": {"lecturer": 23, "keyword": 7, "level": 4}}, {"model": "assign.lecturertokeyword", "pk": 180, "fields": {"lecturer": 23, "keyword": 9, "level": 3}}, {"model": "assign.lecturertokeyword", "pk": 181, "fields": {"lecturer": 24, "keyword": 1, "level": 3}}, {"model": "assign.lecturertokeyword", "pk": 182, "fields": {"lecturer": 24, "keyword": 2, "level": 4}}, {"model": "assign.lecturertokeyword", "pk": 183, "fields": {"lecturer": 24, "keyword": 6, "level": 4}}, {"model": "assign.lecturertokeyword", "pk": 184, "fields": {"lecturer": 24, "keyword": 8, "level": 2}}, {"model": "assign.lecturertokeyword", "pk": 185, "fields": {"lecturer": 24, "keyword": 3, "level": 3}}, {"model": "assign.lecturertokeyword", "pk": 186, "fields": {"lecturer": 24, "keyword": 4, "level": 2}}, {"model": "assign.lecturertokeyword", "pk": 187, "fields": {"lecturer": 24, "keyword": 5, "level": 3}}, {"model": "assign.lecturertokeyword", "pk": 188, "fields": {"lecturer": 24, "keyword": 7, "level": 5}}, {"model": "assign.lecturertokeyword", "pk": 189, "fields": {"lecturer": 24, "keyword": 9, "level": 4}}, {"model": "assign.lecturertokeyword", "pk": 190, "fields": {"lecturer": 25, "keyword": 1, "level": 3}}, {"model": "assign.lecturertokeyword", "pk": 191, "fields": {"lecturer": 25, "keyword": 2, "level": 4}}, {"model": "assign.lecturertokeyword", "pk": 192, "fields": {"lecturer": 25, "keyword": 6, "level": 5}}, {"model": "assign.lecturertokeyword", "pk": 193, "fields": {"lecturer": 25, "keyword": 8, "level": 2}}, {"model": "assign.lecturertokeyword", "pk": 194, "fields": {"lecturer": 25, "keyword": 3, "level": 4}}, {"model": "assign.lecturertokeyword", "pk": 195, "fields": {"lecturer": 25, "keyword": 4, "level": 4}}, {"model": "assign.lecturertokeyword", "pk": 196, "fields": {"lecturer": 25, "keyword": 5, "level": 4}}, {"model": "assign.lecturertokeyword", "pk": 197, "fields": {"lecturer": 25, "keyword": 7, "level": 5}}, {"model": "assign.lecturertokeyword", "pk": 198, "fields": {"lecturer": 25, "keyword": 9, "level": 2}}, {"model": "assign.lecturertokeyword", "pk": 199, "fields": {"lecturer": 26, "keyword": 1, "level": 5}}, {"model": "assign.lecturertokeyword", "pk": 200, "fields": {"lecturer": 26, "keyword": 2, "level": 3}}, {"model": "assign.lecturertokeyword", "pk": 201, "fields": {"lecturer": 26, "keyword": 6, "level": 4}}, {"model": "assign.lecturertokeyword", "pk": 202, "fields": {"lecturer": 26, "keyword": 8, "level": 2}}, {"model": "assign.lecturertokeyword", "pk": 203, "fields": {"lecturer": 26, "keyword": 3, "level": 4}}, {"model": "assign.lecturertokeyword", "pk": 204, "fields": {"lecturer": 26, "keyword": 4, "level": 2}}, {"model": "assign.lecturertokeyword", "pk": 205, "fields": {"lecturer": 26, "keyword": 5, "level": 5}}, {"model": "assign.lecturertokeyword", "pk": 206, "fields": {"lecturer": 26, "keyword": 7, "level": 3}}, {"model": "assign.lecturertokeyword", "pk": 207, "fields": {"lecturer": 26, "keyword": 9, "level": 2}}, {"model": "assign.lecturertokeyword", "pk": 208, "fields": {"lecturer": 3, "keyword": 9, "level": 3}}, {"model": "assign.lecturertokeyword", "pk": 209, "fields": {"lecturer": 4, "keyword": 9, "level": 4}}, {"model": "assign.lecturertokeyword", "pk": 210, "fields": {"lecturer": 5, "keyword": 9, "level": 3}}, {"model": "assign.lecturertokeyword", "pk": 211, "fields": {"lecturer": 6, "keyword": 9, "level": 3}}, {"model": "assign.lecturertokeyword", "pk": 212, "fields": {"lecturer": 7, "keyword": 9, "level": 4}}, {"model": "assign.lecturertokeyword", "pk": 213, "fields": {"lecturer": 8, "keyword": 9, "level": 4}}, {"model": "assign.lecturertokeyword", "pk": 214, "fields": {"lecturer": 9, "keyword": 9, "level": 3}}, {"model": "assign.lecturertokeyword", "pk": 215, "fields": {"lecturer": 10, "keyword": 9, "level": 3}}, {"model": "assign.lecturertokeyword", "pk": 216, "fields": {"lecturer": 11, "keyword": 9, "level": 3}}, {"model": "assign.lecturertokeyword", "pk": 217, "fields": {"lecturer": 28, "keyword": 1, "level": 4}}, {"model": "assign.lecturertokeyword", "pk": 218, "fields": {"lecturer": 28, "keyword": 2, "level": 2}}, {"model": "assign.lecturertokeyword", "pk": 219, "fields": {"lecturer": 28, "keyword": 6, "level": 4}}, {"model": "assign.lecturertokeyword", "pk": 220, "fields": {"lecturer": 28, "keyword": 8, "level": 1}}, {"model": "assign.lecturertokeyword", "pk": 221, "fields": {"lecturer": 28, "keyword": 3, "level": 3}}, {"model": "assign.lecturertokeyword", "pk": 222, "fields": {"lecturer": 28, "keyword": 4, "level": 2}}, {"model": "assign.lecturertokeyword", "pk": 223, "fields": {"lecturer": 28, "keyword": 5, "level": 5}}, {"model": "assign.lecturertokeyword", "pk": 224, "fields": {"lecturer": 28, "keyword": 7, "level": 4}}, {"model": "assign.lecturertokeyword", "pk": 225, "fields": {"lecturer": 28, "keyword": 9, "level": 3}}, {"model": "assign.lecturertokeyword", "pk": 226, "fields": {"lecturer": 29, "keyword": 1, "level": 4}}, {"model": "assign.lecturertokeyword", "pk": 227, "fields": {"lecturer": 29, "keyword": 2, "level": 2}}, {"model": "assign.lecturertokeyword", "pk": 228, "fields": {"lecturer": 29, "keyword": 6, "level": 4}}, {"model": "assign.lecturertokeyword", "pk": 229, "fields": {"lecturer": 29, "keyword": 8, "level": 2}}, {"model": "assign.lecturertokeyword", "pk": 230, "fields": {"lecturer": 29, "keyword": 3, "level": 5}}, {"model": "assign.lecturertokeyword", "pk": 231, "fields": {"lecturer": 29, "keyword": 4, "level": 3}}, {"model": "assign.lecturertokeyword", "pk": 232, "fields": {"lecturer": 29, "keyword": 5, "level": 5}}, {"model": "assign.lecturertokeyword", "pk": 233, "fields": {"lecturer": 29, "keyword": 7, "level": 2}}, {"model": "assign.lecturertokeyword", "pk": 234, "fields": {"lecturer": 29, "keyword": 9, "level": 3}}]